dt,AverageTemperature,Country
1787-02-01,1.758,Turkey
1787-03-01,5.665,Turkey
1787-04-01,9.114,Turkey
1787-05-01,15.138,Turkey
1787-06-01,20.516,Turkey
1787-07-01,22.349,Turkey
1787-08-01,23.059,Turkey
1787-09-01,17.189999999999998,Turkey
1787-10-01,12.533,Turkey
1787-11-01,8.495,Turkey
1787-12-01,2.572,Turkey
1788-01-01,-0.399,Turkey
1788-02-01,2.4210000000000003,Turkey
1788-03-01,6.721,Turkey
1788-04-01,10.024,Turkey
1788-05-01,14.459,Turkey
1788-06-01,20.724,Turkey
1788-07-01,25.538,Turkey
1788-08-01,22.402,Turkey
1788-09-01,19.221,Turkey
1788-10-01,13.798,Turkey
1788-11-01,7.870999999999999,Turkey
1788-12-01,-1.9839999999999995,Turkey
1789-01-01,1.452,Turkey
1789-02-01,1.097,Turkey
1789-03-01,3.978,Turkey
1789-04-01,9.803,Turkey
1789-05-01,16.724,Turkey
1789-06-01,19.255000000000006,Turkey
1789-07-01,24.029,Turkey
1789-08-01,22.66200000000001,Turkey
1789-09-01,19.468,Turkey
1789-10-01,12.464,Turkey
1789-11-01,8.206999999999999,Turkey
1789-12-01,2.573,Turkey
1790-01-01,0.45,Turkey
1790-02-01,2.228,Turkey
1790-03-01,4.832,Turkey
1790-04-01,7.940000000000001,Turkey
1790-05-01,14.454,Turkey
1790-06-01,20.833000000000002,Turkey
1790-07-01,22.158,Turkey
1790-08-01,22.770000000000003,Turkey
1790-09-01,18.519,Turkey
1790-10-01,13.137,Turkey
1790-11-01,7.447999999999999,Turkey
1790-12-01,4.177,Turkey
1791-01-01,2.373,Turkey
1791-02-01,2.617,Turkey
1791-03-01,6.065,Turkey
1791-04-01,10.844000000000001,Turkey
1791-05-01,14.35,Turkey
1791-06-01,19.528,Turkey
1791-07-01,22.03,Turkey
1791-08-01,23.13900000000001,Turkey
1791-09-01,17.991,Turkey
1791-10-01,12.535,Turkey
1791-11-01,9.016,Turkey
1791-12-01,4.063,Turkey
1792-01-01,-0.8340000000000001,Turkey
1792-02-01,2.373,Turkey
1792-03-01,4.955,Turkey
1792-04-01,9.53,Turkey
1792-05-01,15.255,Turkey
1792-06-01,20.566000000000006,Turkey
1792-07-01,22.813,Turkey
1792-08-01,21.331000000000003,Turkey
1792-09-01,19.886,Turkey
1792-10-01,12.144,Turkey
1792-11-01,6.8629999999999995,Turkey
1792-12-01,2.928,Turkey
1793-01-01,-1.534,Turkey
1793-02-01,3.385,Turkey
1793-03-01,4.583,Turkey
1793-04-01,9.601,Turkey
1793-05-01,14.572,Turkey
1793-06-01,19.283,Turkey
1793-07-01,22.831,Turkey
1793-08-01,22.00800000000001,Turkey
1793-09-01,19.229,Turkey
1793-10-01,12.813,Turkey
1793-11-01,7.789999999999999,Turkey
1793-12-01,2.127,Turkey
1794-01-01,2.2830000000000004,Turkey
1794-02-01,2.2640000000000002,Turkey
1794-03-01,5.747000000000001,Turkey
1794-04-01,11.603000000000002,Turkey
1794-05-01,16.823,Turkey
1794-06-01,18.746,Turkey
1794-07-01,21.849,Turkey
1794-08-01,22.222,Turkey
1794-09-01,18.539,Turkey
1794-10-01,13.155,Turkey
1794-11-01,7.170999999999999,Turkey
1794-12-01,1.7830000000000001,Turkey
1795-01-01,-0.3300000000000001,Turkey
1795-02-01,3.305,Turkey
1795-03-01,6.733,Turkey
1795-04-01,11.170000000000002,Turkey
1795-05-01,15.363,Turkey
1795-06-01,20.041,Turkey
1795-07-01,22.622,Turkey
1795-08-01,22.205,Turkey
1795-09-01,17.656,Turkey
1795-10-01,13.027000000000001,Turkey
1795-11-01,6.9910000000000005,Turkey
1795-12-01,2.902,Turkey
1796-01-01,1.909,Turkey
1796-02-01,1.6900000000000002,Turkey
1796-03-01,3.082,Turkey
1796-04-01,8.735000000000001,Turkey
1796-05-01,15.512,Turkey
1796-06-01,20.401,Turkey
1796-07-01,23.074,Turkey
1796-08-01,23.71,Turkey
1796-09-01,19.368,Turkey
1796-10-01,13.867,Turkey
1796-11-01,7.504,Turkey
1796-12-01,1.1590000000000005,Turkey
1797-01-01,2.6580000000000004,Turkey
1797-02-01,3.999,Turkey
1797-03-01,3.968,Turkey
1797-04-01,9.476,Turkey
1797-05-01,15.318,Turkey
1797-06-01,20.858,Turkey
1797-07-01,22.716,Turkey
1797-08-01,23.26100000000001,Turkey
1797-09-01,19.777,Turkey
1797-10-01,13.93,Turkey
1797-11-01,6.539,Turkey
1797-12-01,2.989,Turkey
1798-01-01,1.509,Turkey
1798-02-01,2.35,Turkey
1798-03-01,7.286,Turkey
1798-04-01,10.225,Turkey
1798-05-01,15.245999999999999,Turkey
1798-06-01,19.496,Turkey
1798-07-01,23.595,Turkey
1798-08-01,23.789,Turkey
1798-09-01,19.398,Turkey
1798-10-01,12.575,Turkey
1798-11-01,7.9819999999999975,Turkey
1798-12-01,0.8239999999999998,Turkey
1799-01-01,-1.264,Turkey
1799-02-01,-0.5899999999999999,Turkey
1799-03-01,4.214,Turkey
1799-04-01,11.153,Turkey
1799-05-01,15.662,Turkey
1799-06-01,20.1,Turkey
1799-07-01,23.357,Turkey
1799-08-01,23.433000000000003,Turkey
1799-09-01,19.3,Turkey
1799-10-01,14.484000000000002,Turkey
1799-11-01,8.119,Turkey
1799-12-01,1.452,Turkey
1800-01-01,0.8029999999999999,Turkey
1800-02-01,2.681,Turkey
1800-03-01,3.67,Turkey
1800-04-01,12.228000000000002,Turkey
1800-05-01,14.857,Turkey
1800-06-01,19.71,Turkey
1800-07-01,21.855,Turkey
1800-08-01,22.635,Turkey
1800-09-01,17.798,Turkey
1800-10-01,13.747,Turkey
1800-11-01,8.15,Turkey
1800-12-01,3.472,Turkey
1801-01-01,1.301,Turkey
1801-02-01,1.1330000000000002,Turkey
1801-03-01,7.473,Turkey
1801-04-01,9.988,Turkey
1801-05-01,17.252,Turkey
1801-06-01,18.938,Turkey
1801-07-01,23.642,Turkey
1801-08-01,21.541,Turkey
1801-09-01,19.19,Turkey
1801-10-01,14.029000000000002,Turkey
1801-11-01,8.868,Turkey
1801-12-01,4.723,Turkey
1802-01-01,2.49,Turkey
1802-02-01,2.192,Turkey
1802-03-01,6.915,Turkey
1802-04-01,10.162,Turkey
1802-05-01,14.262,Turkey
1802-06-01,20.949,Turkey
1802-07-01,24.182,Turkey
1802-08-01,23.454,Turkey
1802-09-01,18.95,Turkey
1802-10-01,14.632,Turkey
1802-11-01,8.093,Turkey
1802-12-01,3.241,Turkey
1803-01-01,-2.25,Turkey
1803-02-01,-0.6189999999999998,Turkey
1803-03-01,4.729,Turkey
1803-04-01,11.664000000000001,Turkey
1803-05-01,15.696,Turkey
1803-06-01,19.715,Turkey
1803-07-01,23.435,Turkey
1803-08-01,24.103,Turkey
1803-09-01,19.159,Turkey
1803-10-01,13.427,Turkey
1803-11-01,8.424,Turkey
1803-12-01,1.879,Turkey
1804-01-01,1.5539999999999998,Turkey
1804-02-01,0.91,Turkey
1804-03-01,4.234,Turkey
1804-04-01,11.885000000000002,Turkey
1804-05-01,15.292,Turkey
1804-06-01,19.74,Turkey
1804-07-01,24.127,Turkey
1804-08-01,23.064,Turkey
1804-09-01,19.415,Turkey
1804-10-01,13.353000000000002,Turkey
1804-11-01,7.792000000000002,Turkey
1804-12-01,1.489,Turkey
1805-01-01,0.8490000000000001,Turkey
1805-02-01,1.3750000000000002,Turkey
1805-03-01,5.466,Turkey
1805-04-01,9.18,Turkey
1805-05-01,14.575,Turkey
1805-06-01,20.247,Turkey
1805-07-01,22.94,Turkey
1805-08-01,23.369,Turkey
1805-09-01,19.075,Turkey
1805-10-01,11.393,Turkey
1805-11-01,5.959999999999999,Turkey
1805-12-01,3.864,Turkey
1806-01-01,1.952,Turkey
1806-02-01,1.936,Turkey
1806-03-01,5.4060000000000015,Turkey
1806-04-01,10.211,Turkey
1806-05-01,15.705,Turkey
1806-06-01,18.536,Turkey
1806-07-01,22.391,Turkey
1806-08-01,23.044,Turkey
1806-09-01,19.713,Turkey
1806-10-01,12.537,Turkey
1806-11-01,7.407999999999999,Turkey
1806-12-01,3.992,Turkey
1807-01-01,-0.244,Turkey
1807-02-01,2.3160000000000003,Turkey
1807-03-01,5.081,Turkey
1807-04-01,8.945,Turkey
1807-05-01,13.583,Turkey
1807-06-01,19.532,Turkey
1807-07-01,22.664,Turkey
1807-08-01,23.54000000000001,Turkey
1807-09-01,20.246,Turkey
1807-10-01,13.816,Turkey
1807-11-01,9.123,Turkey
1807-12-01,4.341,Turkey
1808-01-01,1.594,Turkey
1808-02-01,0.387,Turkey
1808-03-01,2.375,Turkey
1808-04-01,8.994000000000002,Turkey
1808-05-01,13.319,Turkey
1808-06-01,20.001,Turkey
1808-07-01,23.148000000000003,Turkey
1808-08-01,22.502,Turkey
1808-09-01,20.457,Turkey
1808-10-01,12.937000000000001,Turkey
1808-11-01,6.517,Turkey
1808-12-01,-0.7719999999999998,Turkey
1809-01-01,-2.186,Turkey
1809-02-01,1.022,Turkey
1809-03-01,2.103,Turkey
1809-04-01,9.312000000000001,Turkey
1809-05-01,12.953,Turkey
1809-06-01,19.835,Turkey
1809-07-01,20.977,Turkey
1809-08-01,22.032,Turkey
1809-09-01,18.192,Turkey
1809-10-01,12.818,Turkey
1809-11-01,4.641,Turkey
1809-12-01,2.006,Turkey
1810-01-01,-0.9380000000000002,Turkey
1810-02-01,2.536,Turkey
1810-03-01,6.604,Turkey
1810-04-01,9.041,Turkey
1810-05-01,13.396999999999998,Turkey
1810-06-01,17.844,Turkey
1810-07-01,21.168000000000006,Turkey
1810-08-01,21.144000000000002,Turkey
1810-09-01,16.868,Turkey
1810-10-01,10.242,Turkey
1810-11-01,5.3629999999999995,Turkey
1810-12-01,2.6830000000000003,Turkey
1811-01-01,-0.7909999999999999,Turkey
1811-02-01,-0.18299999999999986,Turkey
1811-03-01,4.976,Turkey
1811-04-01,7.725000000000001,Turkey
1811-05-01,13.732999999999999,Turkey
1811-06-01,18.896,Turkey
1811-07-01,21.116,Turkey
1811-08-01,23.222,Turkey
1811-09-01,17.368,Turkey
1811-10-01,12.159,Turkey
1811-11-01,5.6179999999999986,Turkey
1811-12-01,3.266,Turkey
1812-01-01,-1.3869999999999998,Turkey
1812-02-01,-1.0759999999999998,Turkey
1812-03-01,3.008,Turkey
1812-04-01,8.307,Turkey
1812-05-01,13.329,Turkey
1812-06-01,18.881,Turkey
1812-07-01,23.433000000000003,Turkey
1812-08-01,24.126,Turkey
1812-09-01,16.935,Turkey
1812-10-01,12.534,Turkey
1812-11-01,7.0509999999999975,Turkey
1812-12-01,-1.0500000000000005,Turkey
1813-01-01,-4.523,Turkey
1813-02-01,-0.375,Turkey
1813-03-01,1.804,Turkey
1813-04-01,9.847000000000001,Turkey
1813-05-01,16.259999999999998,Turkey
1813-06-01,18.915000000000006,Turkey
1813-07-01,21.678,Turkey
1813-08-01,21.408,Turkey
1813-09-01,18.493,Turkey
1813-10-01,13.099,Turkey
1813-11-01,9.927,Turkey
1813-12-01,2.546,Turkey
1814-01-01,1.759,Turkey
1814-02-01,0.11900000000000024,Turkey
1814-03-01,4.728,Turkey
1814-04-01,9.667000000000002,Turkey
1814-05-01,12.291,Turkey
1814-06-01,18.732000000000006,Turkey
1814-07-01,20.627,Turkey
1814-08-01,21.836,Turkey
1814-09-01,17.034000000000002,Turkey
1814-10-01,11.591,Turkey
1814-11-01,7.385,Turkey
1814-12-01,5.921,Turkey
1815-01-01,-0.15000000000000013,Turkey
1815-02-01,1.2040000000000002,Turkey
1815-03-01,3.264,Turkey
1815-04-01,9.057,Turkey
1815-05-01,14.283,Turkey
1815-06-01,18.211,Turkey
1815-07-01,22.359,Turkey
1815-08-01,21.609,Turkey
1815-09-01,17.889,Turkey
1815-10-01,12.111,Turkey
1815-11-01,7.3409999999999975,Turkey
1815-12-01,-0.16300000000000026,Turkey
1816-01-01,1.087,Turkey
1816-02-01,-0.9099999999999996,Turkey
1816-03-01,4.845,Turkey
1816-04-01,8.951,Turkey
1816-05-01,14.665999999999999,Turkey
1816-06-01,18.419,Turkey
1816-07-01,20.323,Turkey
1816-08-01,21.354000000000006,Turkey
1816-09-01,17.39,Turkey
1816-10-01,9.953,Turkey
1816-11-01,7.262,Turkey
1816-12-01,0.2349999999999999,Turkey
1817-01-01,-0.16900000000000004,Turkey
1817-02-01,2.7230000000000003,Turkey
1817-03-01,5.768,Turkey
1817-04-01,8.538,Turkey
1817-05-01,12.873,Turkey
1817-06-01,17.57,Turkey
1817-07-01,21.455,Turkey
1817-08-01,23.438000000000002,Turkey
1817-09-01,15.708999999999998,Turkey
1817-10-01,10.556,Turkey
1817-11-01,6.654999999999999,Turkey
1817-12-01,2.001,Turkey
1818-01-01,-0.8580000000000001,Turkey
1818-02-01,0.6440000000000001,Turkey
1818-03-01,6.836,Turkey
1818-04-01,12.563,Turkey
1818-05-01,15.427,Turkey
1818-06-01,19.408,Turkey
1818-07-01,21.565,Turkey
1818-08-01,22.427000000000003,Turkey
1818-09-01,17.686,Turkey
1818-10-01,11.461,Turkey
1818-11-01,7.186,Turkey
1818-12-01,1.419,Turkey
1819-01-01,-1.2940000000000005,Turkey
1819-02-01,1.857,Turkey
1819-03-01,5.4239999999999995,Turkey
1819-04-01,9.865,Turkey
1819-05-01,13.273,Turkey
1819-06-01,17.109,Turkey
1819-07-01,20.109,Turkey
1819-08-01,20.682,Turkey
1819-09-01,18.116,Turkey
1819-10-01,14.398,Turkey
1819-11-01,8.921999999999997,Turkey
1819-12-01,3.305,Turkey
1820-01-01,-0.4290000000000001,Turkey
1820-02-01,0.5830000000000002,Turkey
1820-03-01,5.353,Turkey
1820-04-01,10.454,Turkey
1820-05-01,15.77,Turkey
1820-06-01,18.902,Turkey
1820-07-01,21.044,Turkey
1820-08-01,21.529000000000003,Turkey
1820-09-01,17.950999999999997,Turkey
1820-10-01,10.504000000000001,Turkey
1820-11-01,7.1770000000000005,Turkey
1820-12-01,2.912,Turkey
1821-01-01,1.858,Turkey
1821-02-01,2.01,Turkey
1821-03-01,6.332999999999998,Turkey
1821-04-01,10.003,Turkey
1821-05-01,15.878,Turkey
1821-06-01,16.829,Turkey
1821-07-01,19.843,Turkey
1821-08-01,20.481,Turkey
1821-09-01,16.968999999999998,Turkey
1821-10-01,11.864,Turkey
1821-11-01,6.973,Turkey
1821-12-01,3.132,Turkey
1822-01-01,1.886,Turkey
1822-02-01,0.742,Turkey
1822-03-01,5.558,Turkey
1822-04-01,9.54,Turkey
1822-05-01,13.561,Turkey
1822-06-01,19.35,Turkey
1822-07-01,22.413,Turkey
1822-08-01,21.70300000000001,Turkey
1822-09-01,17.269000000000002,Turkey
1822-10-01,12.117,Turkey
1822-11-01,6.5909999999999975,Turkey
1822-12-01,-0.254,Turkey
1823-01-01,-0.278,Turkey
1823-02-01,2.992,Turkey
1823-03-01,6.355,Turkey
1823-04-01,9.458,Turkey
1823-05-01,15.074000000000002,Turkey
1823-06-01,20.376,Turkey
1823-07-01,22.704,Turkey
1823-08-01,22.155,Turkey
1823-09-01,16.721,Turkey
1823-10-01,11.389000000000001,Turkey
1823-11-01,6.391,Turkey
1823-12-01,3.34,Turkey
1824-01-01,1.764,Turkey
1824-02-01,2.095,Turkey
1824-03-01,6.752000000000002,Turkey
1824-04-01,9.816,Turkey
1824-05-01,15.365,Turkey
1824-06-01,19.963,Turkey
1824-07-01,22.512,Turkey
1824-08-01,23.393,Turkey
1824-09-01,18.908,Turkey
1824-10-01,13.681,Turkey
1824-11-01,8.157,Turkey
1824-12-01,5.09,Turkey
1825-01-01,-0.1279999999999999,Turkey
1825-02-01,0.12400000000000012,Turkey
1825-03-01,3.092,Turkey
1825-04-01,8.777999999999999,Turkey
1825-05-01,14.224,Turkey
1825-06-01,19.315,Turkey
1825-07-01,22.014,Turkey
1825-08-01,22.109,Turkey
1825-09-01,17.869,Turkey
1825-10-01,12.064,Turkey
1825-11-01,10.474,Turkey
1825-12-01,4.13,Turkey
1826-01-01,0.5429999999999999,Turkey
1826-02-01,-1.3630000000000002,Turkey
1826-03-01,4.048,Turkey
1826-04-01,8.401,Turkey
1826-05-01,13.890999999999998,Turkey
1826-06-01,17.996000000000006,Turkey
1826-07-01,23.324,Turkey
1826-08-01,22.573,Turkey
1826-09-01,18.407,Turkey
1826-10-01,11.811,Turkey
1826-11-01,8.995,Turkey
1826-12-01,4.6789999999999985,Turkey
1827-01-01,3.082,Turkey
1827-02-01,2.108,Turkey
1827-03-01,7.056,Turkey
1827-04-01,10.088,Turkey
1827-05-01,14.962,Turkey
1827-06-01,20.492,Turkey
1827-07-01,23.921,Turkey
1827-08-01,23.228,Turkey
1827-09-01,17.134999999999998,Turkey
1827-10-01,13.694,Turkey
1827-11-01,8.664,Turkey
1827-12-01,2.39,Turkey
1828-01-01,-2.2510000000000003,Turkey
1828-02-01,-0.6119999999999997,Turkey
1828-03-01,6.791,Turkey
1828-04-01,10.61,Turkey
1828-05-01,14.825999999999999,Turkey
1828-06-01,20.738000000000003,Turkey
1828-07-01,24.019,Turkey
1828-08-01,23.002,Turkey
1828-09-01,16.590999999999998,Turkey
1828-10-01,11.691,Turkey
1828-11-01,7.891,Turkey
1828-12-01,0.7410000000000001,Turkey
1829-01-01,-0.03499999999999992,Turkey
1829-02-01,0.8890000000000002,Turkey
1829-03-01,5.7810000000000015,Turkey
1829-04-01,11.87,Turkey
1829-05-01,14.595,Turkey
1829-06-01,17.896,Turkey
1829-07-01,22.039,Turkey
1829-08-01,22.368000000000002,Turkey
1829-09-01,18.167,Turkey
1829-10-01,12.556,Turkey
1829-11-01,5.940999999999999,Turkey
1829-12-01,0.6299999999999999,Turkey
1830-01-01,-0.2990000000000001,Turkey
1830-02-01,1.3350000000000002,Turkey
1830-03-01,3.354,Turkey
1830-04-01,9.609000000000002,Turkey
1830-05-01,15.395999999999999,Turkey
1830-06-01,19.989,Turkey
1830-07-01,22.681,Turkey
1830-08-01,23.054000000000002,Turkey
1830-09-01,17.947,Turkey
1830-10-01,11.238,Turkey
1830-11-01,7.5939999999999985,Turkey
1830-12-01,5.6789999999999985,Turkey
1831-01-01,0.3240000000000001,Turkey
1831-02-01,1.403,Turkey
1831-03-01,5.4510000000000005,Turkey
1831-04-01,9.352,Turkey
1831-05-01,15.415999999999999,Turkey
1831-06-01,19.626,Turkey
1831-07-01,21.768,Turkey
1831-08-01,21.173000000000002,Turkey
1831-09-01,16.558,Turkey
1831-10-01,11.247,Turkey
1831-11-01,6.856,Turkey
1831-12-01,1.838,Turkey
1832-01-01,-0.2250000000000001,Turkey
1832-02-01,-0.4049999999999998,Turkey
1832-03-01,3.221,Turkey
1832-04-01,8.231000000000002,Turkey
1832-05-01,14.362,Turkey
1832-06-01,18.528,Turkey
1832-07-01,20.92,Turkey
1832-08-01,20.549000000000003,Turkey
1832-09-01,16.595,Turkey
1832-10-01,11.380999999999998,Turkey
1832-11-01,4.813999999999999,Turkey
1832-12-01,0.4750000000000001,Turkey
1833-01-01,-1.421,Turkey
1833-02-01,2.451,Turkey
1833-03-01,4.6110000000000015,Turkey
1833-04-01,9.751,Turkey
1833-05-01,14.892,Turkey
1833-06-01,20.289,Turkey
1833-07-01,22.595,Turkey
1833-08-01,21.269000000000002,Turkey
1833-09-01,18.136,Turkey
1833-10-01,11.208,Turkey
1833-11-01,6.871,Turkey
1833-12-01,2.832,Turkey
1834-01-01,0.39,Turkey
1834-02-01,-1.0769999999999995,Turkey
1834-03-01,5.247999999999998,Turkey
1834-04-01,8.943999999999997,Turkey
1834-05-01,16.394000000000002,Turkey
1834-06-01,19.352,Turkey
1834-07-01,21.714,Turkey
1834-08-01,21.852,Turkey
1834-09-01,18.71,Turkey
1834-10-01,11.667000000000002,Turkey
1834-11-01,7.487,Turkey
1834-12-01,1.848,Turkey
1835-01-01,1.052,Turkey
1835-02-01,2.524,Turkey
1835-03-01,5.324,Turkey
1835-04-01,9.194,Turkey
1835-05-01,14.157,Turkey
1835-06-01,18.487000000000002,Turkey
1835-07-01,21.389,Turkey
1835-08-01,20.491,Turkey
1835-09-01,15.512999999999998,Turkey
1835-10-01,13.653,Turkey
1835-11-01,5.638,Turkey
1835-12-01,0.14500000000000002,Turkey
1836-01-01,-2.0700000000000003,Turkey
1836-02-01,0.8660000000000001,Turkey
1836-03-01,7.35,Turkey
1836-04-01,9.532,Turkey
1836-05-01,13.838,Turkey
1836-06-01,19.232000000000006,Turkey
1836-07-01,20.802,Turkey
1836-08-01,20.681,Turkey
1836-09-01,17.889999999999993,Turkey
1836-10-01,13.874,Turkey
1836-11-01,7.616,Turkey
1836-12-01,4.497,Turkey
1837-01-01,0.996,Turkey
1837-02-01,0.016000000000000014,Turkey
1837-03-01,5.0969999999999995,Turkey
1837-04-01,10.418,Turkey
1837-05-01,14.293,Turkey
1837-06-01,18.115,Turkey
1837-07-01,20.866,Turkey
1837-08-01,21.777,Turkey
1837-09-01,18.707,Turkey
1837-10-01,10.49,Turkey
1837-11-01,6.643,Turkey
1837-12-01,0.4789999999999997,Turkey
1838-01-01,-3.7110000000000003,Turkey
1838-02-01,1.8520000000000003,Turkey
1838-03-01,4.626,Turkey
1838-04-01,8.875,Turkey
1838-05-01,13.994000000000002,Turkey
1838-06-01,17.974,Turkey
1838-07-01,21.053,Turkey
1838-08-01,21.103,Turkey
1838-09-01,18.567999999999998,Turkey
1838-10-01,10.728000000000002,Turkey
1838-11-01,8.424,Turkey
1838-12-01,1.7519999999999998,Turkey
1839-01-01,0.139,Turkey
1839-02-01,2.161,Turkey
1839-03-01,1.689,Turkey
1839-04-01,7.651000000000002,Turkey
1839-05-01,13.493,Turkey
1839-06-01,18.825000000000006,Turkey
1839-07-01,22.434,Turkey
1839-08-01,23.82200000000001,Turkey
1839-09-01,18.327,Turkey
1839-10-01,12.389000000000001,Turkey
1839-11-01,7.593,Turkey
1839-12-01,0.8619999999999997,Turkey
1840-01-01,-0.6159999999999999,Turkey
1840-02-01,0.19500000000000028,Turkey
1840-03-01,2.532,Turkey
1840-04-01,7.000000000000001,Turkey
1840-05-01,13.915999999999999,Turkey
1840-06-01,18.076,Turkey
1840-07-01,24.175,Turkey
1840-08-01,21.862,Turkey
1840-09-01,18.374,Turkey
1840-10-01,12.901,Turkey
1840-11-01,8.291,Turkey
1840-12-01,-0.3860000000000001,Turkey
1841-01-01,0.5249999999999999,Turkey
1841-02-01,0.31199999999999983,Turkey
1841-03-01,2.4219999999999997,Turkey
1841-04-01,9.269000000000002,Turkey
1841-05-01,14.212,Turkey
1841-06-01,19.554000000000002,Turkey
1841-07-01,24.192,Turkey
1841-08-01,22.523000000000003,Turkey
1841-09-01,19.165,Turkey
1841-10-01,14.673,Turkey
1841-11-01,7.3329999999999975,Turkey
1841-12-01,3.524,Turkey
1842-01-01,-0.3440000000000001,Turkey
1842-02-01,0.3370000000000002,Turkey
1842-03-01,5.287000000000001,Turkey
1842-04-01,9.263000000000002,Turkey
1842-05-01,14.144,Turkey
1842-06-01,18.991000000000003,Turkey
1842-07-01,21.265,Turkey
1842-08-01,21.462000000000003,Turkey
1842-09-01,18.473,Turkey
1842-10-01,12.47,Turkey
1842-11-01,8.805,Turkey
1842-12-01,3.491,Turkey
1843-01-01,1.473,Turkey
1843-02-01,5.074,Turkey
1843-03-01,5.322,Turkey
1843-04-01,9.517000000000001,Turkey
1843-05-01,13.364,Turkey
1843-06-01,18.534000000000002,Turkey
1843-07-01,21.886,Turkey
1843-08-01,21.244,Turkey
1843-09-01,16.845,Turkey
1843-10-01,13.177,Turkey
1843-11-01,6.97,Turkey
1843-12-01,1.879,Turkey
1844-01-01,0.259,Turkey
1844-02-01,4.126,Turkey
1844-03-01,5.688,Turkey
1844-04-01,7.128000000000001,Turkey
1844-05-01,13.796,Turkey
1844-06-01,18.238000000000003,Turkey
1844-07-01,22.73,Turkey
1844-08-01,22.231,Turkey
1844-09-01,18.206,Turkey
1844-10-01,12.496,Turkey
1844-11-01,7.382999999999999,Turkey
1844-12-01,-0.4819999999999998,Turkey
1845-01-01,-0.8390000000000002,Turkey
1845-02-01,1.116,Turkey
1845-03-01,6.414,Turkey
1845-04-01,10.315,Turkey
1845-05-01,15.148,Turkey
1845-06-01,18.896,Turkey
1845-07-01,23.28,Turkey
1845-08-01,22.416,Turkey
1845-09-01,17.049,Turkey
1845-10-01,13.129000000000001,Turkey
1845-11-01,6.880999999999999,Turkey
1845-12-01,3.139,Turkey
1846-01-01,1.645,Turkey
1846-02-01,2.212,Turkey
1846-03-01,6.185,Turkey
1846-04-01,10.394,Turkey
1846-05-01,14.532,Turkey
1846-06-01,17.919,Turkey
1846-07-01,22.927,Turkey
1846-08-01,23.234,Turkey
1846-09-01,18.89,Turkey
1846-10-01,13.94,Turkey
1846-11-01,4.8919999999999995,Turkey
1846-12-01,5.465,Turkey
1847-01-01,-0.77,Turkey
1847-02-01,3.2710000000000004,Turkey
1847-03-01,4.362,Turkey
1847-04-01,10.854000000000001,Turkey
1847-05-01,15.183,Turkey
1847-06-01,19.344,Turkey
1847-07-01,23.48,Turkey
1847-08-01,22.931,Turkey
1847-09-01,19.542,Turkey
1847-10-01,12.523,Turkey
1847-11-01,6.9510000000000005,Turkey
1847-12-01,-0.2769999999999997,Turkey
1848-01-01,-1.61,Turkey
1848-02-01,1.7180000000000002,Turkey
1848-03-01,5.672999999999999,Turkey
1848-04-01,10.811000000000002,Turkey
1848-05-01,14.364999999999998,Turkey
1848-06-01,21.132,Turkey
1848-07-01,23.426,Turkey
1848-08-01,23.188000000000002,Turkey
1848-09-01,17.473,Turkey
1848-10-01,14.194,Turkey
1848-11-01,8.493,Turkey
1848-12-01,0.5419999999999998,Turkey
1849-01-01,-0.6759999999999999,Turkey
1849-02-01,0.8190000000000002,Turkey
1849-03-01,4.372,Turkey
1849-04-01,10.123,Turkey
1849-05-01,14.694,Turkey
1849-06-01,19.559,Turkey
1849-07-01,22.122,Turkey
1849-08-01,22.42,Turkey
1849-09-01,18.078,Turkey
1849-10-01,13.685,Turkey
1849-11-01,8.623999999999999,Turkey
1849-12-01,2.651,Turkey
1850-01-01,-0.8809999999999999,Turkey
1850-02-01,0.8330000000000002,Turkey
1850-03-01,3.571,Turkey
1850-04-01,8.264000000000001,Turkey
1850-05-01,13.105,Turkey
1850-06-01,19.181,Turkey
1850-07-01,22.814,Turkey
1850-08-01,23.148000000000003,Turkey
1850-09-01,17.506999999999998,Turkey
1850-10-01,13.925,Turkey
1850-11-01,7.169,Turkey
1850-12-01,1.663,Turkey
1851-01-01,-0.07000000000000006,Turkey
1851-02-01,1.0030000000000003,Turkey
1851-03-01,5.526,Turkey
1851-04-01,10.213,Turkey
1851-05-01,17.631,Turkey
1851-06-01,18.872,Turkey
1851-07-01,22.745,Turkey
1851-08-01,23.521,Turkey
1851-09-01,18.819000000000006,Turkey
1851-10-01,13.677,Turkey
1851-11-01,9.774,Turkey
1851-12-01,1.3430000000000002,Turkey
1852-01-01,0.562,Turkey
1852-02-01,1.6870000000000005,Turkey
1852-03-01,3.74,Turkey
1852-04-01,8.180000000000001,Turkey
1852-05-01,14.356,Turkey
1852-06-01,19.327,Turkey
1852-07-01,21.933000000000003,Turkey
1852-08-01,22.033,Turkey
1852-09-01,18.179,Turkey
1852-10-01,14.423,Turkey
1852-11-01,8.818999999999997,Turkey
1852-12-01,3.752,Turkey
1853-01-01,1.745,Turkey
1853-02-01,3.757,Turkey
1853-03-01,7.2029999999999985,Turkey
1853-04-01,9.771,Turkey
1853-05-01,15.203,Turkey
1853-06-01,19.534000000000002,Turkey
1853-07-01,23.182,Turkey
1853-08-01,23.449,Turkey
1853-09-01,18.329,Turkey
1853-10-01,14.75,Turkey
1853-11-01,7.074,Turkey
1853-12-01,2.734,Turkey
1854-01-01,0.909,Turkey
1854-02-01,0.27200000000000024,Turkey
1854-03-01,2.401,Turkey
1854-04-01,6.899000000000001,Turkey
1854-05-01,15.07,Turkey
1854-06-01,18.53,Turkey
1854-07-01,22.18,Turkey
1854-08-01,21.62,Turkey
1854-09-01,17.035,Turkey
1854-10-01,14.435,Turkey
1854-11-01,8.623,Turkey
1854-12-01,4.2860000000000005,Turkey
1855-01-01,-0.4809999999999999,Turkey
1855-02-01,3.0780000000000003,Turkey
1855-03-01,7.484,Turkey
1855-04-01,9.587000000000002,Turkey
1855-05-01,16.392,Turkey
1855-06-01,20.03,Turkey
1855-07-01,22.219,Turkey
1855-08-01,22.09800000000001,Turkey
1855-09-01,16.116999999999994,Turkey
1855-10-01,13.585,Turkey
1855-11-01,7.675,Turkey
1855-12-01,1.849,Turkey
1856-01-01,1.494,Turkey
1856-02-01,1.5530000000000002,Turkey
1856-03-01,1.7990000000000002,Turkey
1856-04-01,8.357000000000001,Turkey
1856-05-01,14.651,Turkey
1856-06-01,20.083,Turkey
1856-07-01,22.01,Turkey
1856-08-01,22.853,Turkey
1856-09-01,18.52,Turkey
1856-10-01,11.6,Turkey
1856-11-01,5.973,Turkey
1856-12-01,4.098,Turkey
1857-01-01,3.069,Turkey
1857-02-01,-0.4069999999999996,Turkey
1857-03-01,3.809,Turkey
1857-04-01,9.7,Turkey
1857-05-01,14.175,Turkey
1857-06-01,18.147000000000002,Turkey
1857-07-01,21.362,Turkey
1857-08-01,20.809,Turkey
1857-09-01,16.206999999999994,Turkey
1857-10-01,12.734000000000002,Turkey
1857-11-01,6.138999999999999,Turkey
1857-12-01,0.6619999999999999,Turkey
1858-01-01,-3.162,Turkey
1858-02-01,-1.557,Turkey
1858-03-01,4.907,Turkey
1858-04-01,9.104,Turkey
1858-05-01,15.2,Turkey
1858-06-01,18.790000000000006,Turkey
1858-07-01,23.021,Turkey
1858-08-01,22.326,Turkey
1858-09-01,17.407,Turkey
1858-10-01,14.547,Turkey
1858-11-01,8.952,Turkey
1858-12-01,2.747,Turkey
1859-01-01,-2.1390000000000002,Turkey
1859-02-01,0.2330000000000001,Turkey
1859-03-01,5.191,Turkey
1859-04-01,11.010000000000002,Turkey
1859-05-01,16.302,Turkey
1859-06-01,18.678,Turkey
1859-07-01,21.781,Turkey
1859-08-01,23.117,Turkey
1859-09-01,19.553,Turkey
1859-10-01,13.791,Turkey
1859-11-01,7.452000000000001,Turkey
1859-12-01,3.539,Turkey
1860-01-01,1.019,Turkey
1860-02-01,1.96,Turkey
1860-03-01,3.37,Turkey
1860-04-01,11.158,Turkey
1860-05-01,14.594,Turkey
1860-06-01,20.94,Turkey
1860-07-01,23.405,Turkey
1860-08-01,23.551,Turkey
1860-09-01,19.797,Turkey
1860-10-01,13.32,Turkey
1860-11-01,6.523999999999999,Turkey
1860-12-01,3.332,Turkey
1861-01-01,-1.6130000000000002,Turkey
1861-02-01,0.6360000000000001,Turkey
1861-03-01,5.357,Turkey
1861-04-01,8.218,Turkey
1861-05-01,12.285,Turkey
1861-06-01,19.086,Turkey
1861-07-01,22.834,Turkey
1861-08-01,21.769000000000002,Turkey
1861-09-01,17.866,Turkey
1861-10-01,11.455,Turkey
1861-11-01,8.73,Turkey
1861-12-01,0.2769999999999997,Turkey
1862-01-01,-0.961,Turkey
1862-02-01,-0.11699999999999955,Turkey
1862-03-01,5.7879999999999985,Turkey
1862-04-01,10.484000000000002,Turkey
1862-05-01,15.152,Turkey
1862-06-01,20.842,Turkey
1862-07-01,22.867,Turkey
1862-08-01,21.521,Turkey
1862-09-01,17.003,Turkey
1862-10-01,10.317,Turkey
1862-11-01,6.207999999999998,Turkey
1862-12-01,-0.8729999999999998,Turkey
1863-01-01,-0.6729999999999999,Turkey
1863-02-01,-0.428,Turkey
1863-03-01,6.357,Turkey
1863-04-01,8.182,Turkey
1863-05-01,15.795,Turkey
1863-06-01,19.17,Turkey
1863-07-01,22.364,Turkey
1863-08-01,21.837000000000003,Turkey
1863-09-01,19.283,Turkey
1863-10-01,12.877,Turkey
1863-11-01,7.786,Turkey
1863-12-01,1.215,Turkey
1864-01-01,-3.727,Turkey
1864-02-01,1.308,Turkey
1864-03-01,7.891999999999999,Turkey
1864-04-01,9.503,Turkey
1864-05-01,13.805,Turkey
1864-06-01,19.975,Turkey
1864-07-01,21.106,Turkey
1864-08-01,22.035,Turkey
1864-09-01,18.752,Turkey
1864-10-01,13.36,Turkey
1864-11-01,8.956,Turkey
1864-12-01,1.6440000000000001,Turkey
1865-01-01,3.5700000000000003,Turkey
1865-02-01,2.946,Turkey
1865-03-01,6.933,Turkey
1865-04-01,7.9570000000000025,Turkey
1865-05-01,13.788,Turkey
1865-06-01,18.405,Turkey
1865-07-01,22.268,Turkey
1865-08-01,22.571,Turkey
1865-09-01,16.587,Turkey
1865-10-01,15.043,Turkey
1865-11-01,7.896,Turkey
1865-12-01,0.07100000000000017,Turkey
1866-01-01,-0.41100000000000003,Turkey
1866-02-01,2.162,Turkey
1866-03-01,7.71,Turkey
1866-04-01,9.386000000000001,Turkey
1866-05-01,14.517999999999999,Turkey
1866-06-01,18.765,Turkey
1866-07-01,23.183000000000003,Turkey
1866-08-01,22.83,Turkey
1866-09-01,19.025,Turkey
1866-10-01,11.390999999999998,Turkey
1866-11-01,6.206999999999999,Turkey
1866-12-01,2.18,Turkey
1867-01-01,2.427,Turkey
1867-02-01,1.1800000000000002,Turkey
1867-03-01,4.697,Turkey
1867-04-01,10.05,Turkey
1867-05-01,15.146999999999998,Turkey
1867-06-01,18.281,Turkey
1867-07-01,21.726,Turkey
1867-08-01,21.078000000000007,Turkey
1867-09-01,17.604,Turkey
1867-10-01,13.437000000000001,Turkey
1867-11-01,6.379,Turkey
1867-12-01,2.755,Turkey
1868-01-01,1.49,Turkey
1868-02-01,-1.025,Turkey
1868-03-01,4.447,Turkey
1868-04-01,8.082,Turkey
1868-05-01,14.517999999999999,Turkey
1868-06-01,19.341,Turkey
1868-07-01,21.848000000000006,Turkey
1868-08-01,22.199,Turkey
1868-09-01,18.824,Turkey
1868-10-01,15.82,Turkey
1868-11-01,6.8089999999999975,Turkey
1868-12-01,2.603,Turkey
1869-01-01,-1.985,Turkey
1869-02-01,1.859,Turkey
1869-03-01,7.205999999999999,Turkey
1869-04-01,8.503,Turkey
1869-05-01,15.919,Turkey
1869-06-01,20.592,Turkey
1869-07-01,21.335,Turkey
1869-08-01,23.827,Turkey
1869-09-01,18.129,Turkey
1869-10-01,13.892000000000001,Turkey
1869-11-01,7.8249999999999975,Turkey
1869-12-01,3.58,Turkey
1870-01-01,2.322,Turkey
1870-02-01,0.6780000000000004,Turkey
1870-03-01,6.645,Turkey
1870-04-01,6.686000000000003,Turkey
1870-05-01,16.279,Turkey
1870-06-01,18.040000000000006,Turkey
1870-07-01,21.53,Turkey
1870-08-01,22.442,Turkey
1870-09-01,17.412,Turkey
1870-10-01,11.333,Turkey
1870-11-01,9.787,Turkey
1870-12-01,4.704,Turkey
1871-01-01,1.778,Turkey
1871-02-01,0.9760000000000002,Turkey
1871-03-01,4.029,Turkey
1871-04-01,9.878,Turkey
1871-05-01,14.040999999999999,Turkey
1871-06-01,18.773000000000003,Turkey
1871-07-01,22.433000000000003,Turkey
1871-08-01,22.913,Turkey
1871-09-01,17.512999999999998,Turkey
1871-10-01,12.126,Turkey
1871-11-01,8.794,Turkey
1871-12-01,2.488,Turkey
1872-01-01,1.327,Turkey
1872-02-01,-0.7410000000000001,Turkey
1872-03-01,6.671,Turkey
1872-04-01,11.646,Turkey
1872-05-01,16.447,Turkey
1872-06-01,18.607000000000006,Turkey
1872-07-01,21.949,Turkey
1872-08-01,22.72,Turkey
1872-09-01,19.796,Turkey
1872-10-01,14.063,Turkey
1872-11-01,9.883,Turkey
1872-12-01,4.312,Turkey
1873-01-01,2.983,Turkey
1873-02-01,2.5620000000000003,Turkey
1873-03-01,6.308,Turkey
1873-04-01,11.377,Turkey
1873-05-01,16.415,Turkey
1873-06-01,18.345,Turkey
1873-07-01,22.24,Turkey
1873-08-01,22.821,Turkey
1873-09-01,18.153,Turkey
1873-10-01,14.028,Turkey
1873-11-01,7.6629999999999985,Turkey
1873-12-01,2.1790000000000003,Turkey
1874-01-01,-0.5030000000000001,Turkey
1874-02-01,-0.29600000000000026,Turkey
1874-03-01,0.9850000000000004,Turkey
1874-04-01,10.495,Turkey
1874-05-01,15.040999999999999,Turkey
1874-06-01,18.815,Turkey
1874-07-01,21.781,Turkey
1874-08-01,22.685,Turkey
1874-09-01,18.49,Turkey
1874-10-01,13.199000000000002,Turkey
1874-11-01,9.154,Turkey
1874-12-01,6.754,Turkey
1875-01-01,-0.4650000000000001,Turkey
1875-02-01,1.3840000000000001,Turkey
1875-03-01,1.9980000000000002,Turkey
1875-04-01,8.136000000000001,Turkey
1875-05-01,14.204,Turkey
1875-06-01,20.880000000000006,Turkey
1875-07-01,22.371,Turkey
1875-08-01,21.933000000000003,Turkey
1875-09-01,16.304000000000002,Turkey
1875-10-01,13.496,Turkey
1875-11-01,7.77,Turkey
1875-12-01,0.5950000000000002,Turkey
1876-01-01,-2.2410000000000005,Turkey
1876-02-01,1.436,Turkey
1876-03-01,7.345,Turkey
1876-04-01,11.276000000000002,Turkey
1876-05-01,15.686,Turkey
1876-06-01,19.861,Turkey
1876-07-01,22.363000000000003,Turkey
1876-08-01,22.16200000000001,Turkey
1876-09-01,19.636,Turkey
1876-10-01,12.956,Turkey
1876-11-01,5.4819999999999975,Turkey
1876-12-01,4.455,Turkey
1877-01-01,0.88,Turkey
1877-02-01,1.556,Turkey
1877-03-01,7.500999999999999,Turkey
1877-04-01,11.465,Turkey
1877-05-01,15.280999999999999,Turkey
1877-06-01,19.110000000000007,Turkey
1877-07-01,22.229,Turkey
1877-08-01,22.666,Turkey
1877-09-01,19.048,Turkey
1877-10-01,13.405,Turkey
1877-11-01,7.144,Turkey
1877-12-01,1.725,Turkey
1878-01-01,-1.0730000000000002,Turkey
1878-02-01,0.09200000000000008,Turkey
1878-03-01,5.1080000000000005,Turkey
1878-04-01,10.273,Turkey
1878-05-01,14.921,Turkey
1878-06-01,20.013,Turkey
1878-07-01,22.49,Turkey
1878-08-01,22.371,Turkey
1878-09-01,19.910999999999998,Turkey
1878-10-01,14.073,Turkey
1878-11-01,10.725999999999999,Turkey
1878-12-01,5.542000000000002,Turkey
1879-01-01,1.255,Turkey
1879-02-01,5.426,Turkey
1879-03-01,5.7639999999999985,Turkey
1879-04-01,11.914000000000001,Turkey
1879-05-01,15.662,Turkey
1879-06-01,20.446,Turkey
1879-07-01,23.37,Turkey
1879-08-01,22.199,Turkey
1879-09-01,19.061,Turkey
1879-10-01,13.143,Turkey
1879-11-01,7.391999999999999,Turkey
1879-12-01,1.245,Turkey
1880-01-01,-3.6830000000000007,Turkey
1880-02-01,-1.0919999999999996,Turkey
1880-03-01,1.982,Turkey
1880-04-01,7.947000000000001,Turkey
1880-05-01,13.815999999999999,Turkey
1880-06-01,19.559,Turkey
1880-07-01,22.701,Turkey
1880-08-01,22.35,Turkey
1880-09-01,17.616999999999994,Turkey
1880-10-01,14.286,Turkey
1880-11-01,8.459999999999999,Turkey
1880-12-01,1.7369999999999999,Turkey
1881-01-01,0.728,Turkey
1881-02-01,1.5950000000000002,Turkey
1881-03-01,5.428,Turkey
1881-04-01,9.942,Turkey
1881-05-01,14.16,Turkey
1881-06-01,17.907,Turkey
1881-07-01,21.616,Turkey
1881-08-01,22.76400000000001,Turkey
1881-09-01,19.064,Turkey
1881-10-01,12.874,Turkey
1881-11-01,6.028,Turkey
1881-12-01,1.0539999999999998,Turkey
1882-01-01,-0.861,Turkey
1882-02-01,-1.4339999999999995,Turkey
1882-03-01,5.447,Turkey
1882-04-01,8.823,Turkey
1882-05-01,13.934,Turkey
1882-06-01,18.023000000000003,Turkey
1882-07-01,23.179,Turkey
1882-08-01,22.63600000000001,Turkey
1882-09-01,19.016,Turkey
1882-10-01,11.75,Turkey
1882-11-01,8.338,Turkey
1882-12-01,3.333,Turkey
1883-01-01,-1.5719999999999998,Turkey
1883-02-01,-0.010999999999999677,Turkey
1883-03-01,5.01,Turkey
1883-04-01,8.899000000000003,Turkey
1883-05-01,14.994000000000002,Turkey
1883-06-01,19.901000000000003,Turkey
1883-07-01,23.295,Turkey
1883-08-01,22.728,Turkey
1883-09-01,19.41,Turkey
1883-10-01,14.312000000000001,Turkey
1883-11-01,7.814999999999999,Turkey
1883-12-01,2.356,Turkey
1884-01-01,-1.001,Turkey
1884-02-01,0.5860000000000001,Turkey
1884-03-01,5.035,Turkey
1884-04-01,10.136000000000001,Turkey
1884-05-01,13.999,Turkey
1884-06-01,18.680000000000003,Turkey
1884-07-01,21.492,Turkey
1884-08-01,21.279000000000003,Turkey
1884-09-01,16.633,Turkey
1884-10-01,13.135000000000002,Turkey
1884-11-01,6.545,Turkey
1884-12-01,3.969,Turkey
1885-01-01,-1.372,Turkey
1885-02-01,2.155,Turkey
1885-03-01,5.505,Turkey
1885-04-01,9.889,Turkey
1885-05-01,16.625,Turkey
1885-06-01,19.432000000000002,Turkey
1885-07-01,22.689,Turkey
1885-08-01,22.05,Turkey
1885-09-01,18.691,Turkey
1885-10-01,14.47,Turkey
1885-11-01,7.845,Turkey
1885-12-01,2.317,Turkey
1886-01-01,1.764,Turkey
1886-02-01,1.993,Turkey
1886-03-01,4.735,Turkey
1886-04-01,8.913,Turkey
1886-05-01,14.610999999999999,Turkey
1886-06-01,19.583,Turkey
1886-07-01,21.24,Turkey
1886-08-01,22.102,Turkey
1886-09-01,18.155,Turkey
1886-10-01,12.732000000000001,Turkey
1886-11-01,6.584999999999999,Turkey
1886-12-01,4.254,Turkey
1887-01-01,-0.73,Turkey
1887-02-01,-0.4049999999999998,Turkey
1887-03-01,4.798,Turkey
1887-04-01,9.208,Turkey
1887-05-01,15.719,Turkey
1887-06-01,19.180000000000003,Turkey
1887-07-01,22.06,Turkey
1887-08-01,22.59800000000001,Turkey
1887-09-01,19.533,Turkey
1887-10-01,14.803,Turkey
1887-11-01,8.99,Turkey
1887-12-01,4.319,Turkey
1888-01-01,-1.6689999999999998,Turkey
1888-02-01,1.891,Turkey
1888-03-01,6.714,Turkey
1888-04-01,10.781,Turkey
1888-05-01,14.475,Turkey
1888-06-01,18.732000000000006,Turkey
1888-07-01,22.839,Turkey
1888-08-01,22.38900000000001,Turkey
1888-09-01,18.555,Turkey
1888-10-01,15.033,Turkey
1888-11-01,5.305,Turkey
1888-12-01,0.8660000000000001,Turkey
1889-01-01,-1.7560000000000004,Turkey
1889-02-01,3.687,Turkey
1889-03-01,6.2010000000000005,Turkey
1889-04-01,10.439,Turkey
1889-05-01,14.932,Turkey
1889-06-01,18.988000000000003,Turkey
1889-07-01,23.374,Turkey
1889-08-01,22.51400000000001,Turkey
1889-09-01,18.570999999999998,Turkey
1889-10-01,14.71,Turkey
1889-11-01,6.42,Turkey
1889-12-01,0.8660000000000001,Turkey
1890-01-01,-1.5599999999999998,Turkey
1890-02-01,-0.17799999999999996,Turkey
1890-03-01,6.34,Turkey
1890-04-01,10.799000000000001,Turkey
1890-05-01,15.772,Turkey
1890-06-01,19.061,Turkey
1890-07-01,23.019,Turkey
1890-08-01,23.839000000000002,Turkey
1890-09-01,18.003999999999994,Turkey
1890-10-01,12.664000000000001,Turkey
1890-11-01,8.503,Turkey
1890-12-01,1.056,Turkey
1891-01-01,-0.23,Turkey
1891-02-01,-1.2989999999999997,Turkey
1891-03-01,6.305,Turkey
1891-04-01,9.579,Turkey
1891-05-01,14.237,Turkey
1891-06-01,19.838,Turkey
1891-07-01,22.753,Turkey
1891-08-01,23.337000000000003,Turkey
1891-09-01,18.435,Turkey
1891-10-01,13.24,Turkey
1891-11-01,7.029,Turkey
1891-12-01,2.188,Turkey
1892-01-01,0.369,Turkey
1892-02-01,1.857,Turkey
1892-03-01,5.92,Turkey
1892-04-01,9.397,Turkey
1892-05-01,14.414,Turkey
1892-06-01,20.388,Turkey
1892-07-01,22.374,Turkey
1892-08-01,22.733,Turkey
1892-09-01,20.424,Turkey
1892-10-01,15.009,Turkey
1892-11-01,6.795,Turkey
1892-12-01,2.801,Turkey
1893-01-01,-1.449,Turkey
1893-02-01,0.31300000000000017,Turkey
1893-03-01,3.996,Turkey
1893-04-01,6.944000000000001,Turkey
1893-05-01,13.635,Turkey
1893-06-01,18.687,Turkey
1893-07-01,22.517,Turkey
1893-08-01,22.50800000000001,Turkey
1893-09-01,18.395,Turkey
1893-10-01,13.781,Turkey
1893-11-01,9.237,Turkey
1893-12-01,2.1950000000000003,Turkey
1894-01-01,-2.49,Turkey
1894-02-01,-0.1469999999999998,Turkey
1894-03-01,4.6160000000000005,Turkey
1894-04-01,8.435,Turkey
1894-05-01,14.658,Turkey
1894-06-01,18.916,Turkey
1894-07-01,22.176,Turkey
1894-08-01,22.591,Turkey
1894-09-01,17.721999999999994,Turkey
1894-10-01,14.462000000000002,Turkey
1894-11-01,6.505,Turkey
1894-12-01,2.146,Turkey
1895-01-01,2.101,Turkey
1895-02-01,3.287,Turkey
1895-03-01,4.605,Turkey
1895-04-01,9.344,Turkey
1895-05-01,14.113,Turkey
1895-06-01,18.57,Turkey
1895-07-01,22.897,Turkey
1895-08-01,22.538,Turkey
1895-09-01,17.339000000000002,Turkey
1895-10-01,13.47,Turkey
1895-11-01,6.8610000000000015,Turkey
1895-12-01,3.08,Turkey
1896-01-01,-1.703,Turkey
1896-02-01,-0.2549999999999999,Turkey
1896-03-01,5.0310000000000015,Turkey
1896-04-01,7.565000000000001,Turkey
1896-05-01,13.462,Turkey
1896-06-01,18.359,Turkey
1896-07-01,21.765,Turkey
1896-08-01,23.594,Turkey
1896-09-01,19.445999999999998,Turkey
1896-10-01,14.82,Turkey
1896-11-01,7.532999999999999,Turkey
1896-12-01,3.417,Turkey
1897-01-01,0.13699999999999998,Turkey
1897-02-01,0.981,Turkey
1897-03-01,5.28,Turkey
1897-04-01,10.214,Turkey
1897-05-01,14.414,Turkey
1897-06-01,19.366000000000003,Turkey
1897-07-01,23.075,Turkey
1897-08-01,22.658,Turkey
1897-09-01,20.291,Turkey
1897-10-01,13.535,Turkey
1897-11-01,3.611999999999999,Turkey
1897-12-01,0.3999999999999999,Turkey
1898-01-01,-2.332,Turkey
1898-02-01,2.431,Turkey
1898-03-01,4.448,Turkey
1898-04-01,10.072000000000001,Turkey
1898-05-01,14.309,Turkey
1898-06-01,18.805000000000003,Turkey
1898-07-01,22.618,Turkey
1898-08-01,22.116000000000003,Turkey
1898-09-01,18.075,Turkey
1898-10-01,14.518,Turkey
1898-11-01,8.273,Turkey
1898-12-01,2.484,Turkey
1899-01-01,1.045,Turkey
1899-02-01,2.952,Turkey
1899-03-01,5.865,Turkey
1899-04-01,11.083,Turkey
1899-05-01,16.133,Turkey
1899-06-01,19.097,Turkey
1899-07-01,22.706,Turkey
1899-08-01,22.472,Turkey
1899-09-01,19.811,Turkey
1899-10-01,13.032,Turkey
1899-11-01,6.521999999999999,Turkey
1899-12-01,0.8439999999999999,Turkey
1900-01-01,1.523,Turkey
1900-02-01,4.011,Turkey
1900-03-01,5.065,Turkey
1900-04-01,10.311000000000002,Turkey
1900-05-01,14.904000000000002,Turkey
1900-06-01,18.768,Turkey
1900-07-01,22.363000000000003,Turkey
1900-08-01,22.372,Turkey
1900-09-01,17.509,Turkey
1900-10-01,14.836,Turkey
1900-11-01,7.266,Turkey
1900-12-01,4.037,Turkey
1901-01-01,-1.5769999999999995,Turkey
1901-02-01,3.789,Turkey
1901-03-01,9.044,Turkey
1901-04-01,12.050999999999998,Turkey
1901-05-01,14.575,Turkey
1901-06-01,20.174000000000003,Turkey
1901-07-01,22.905,Turkey
1901-08-01,23.04300000000001,Turkey
1901-09-01,18.668,Turkey
1901-10-01,13.102,Turkey
1901-11-01,7.516999999999999,Turkey
1901-12-01,5.417999999999998,Turkey
1902-01-01,0.8690000000000001,Turkey
1902-02-01,4.12,Turkey
1902-03-01,5.852,Turkey
1902-04-01,10.412,Turkey
1902-05-01,15.342,Turkey
1902-06-01,19.685,Turkey
1902-07-01,21.449,Turkey
1902-08-01,22.681,Turkey
1902-09-01,18.199,Turkey
1902-10-01,13.731,Turkey
1902-11-01,5.7379999999999995,Turkey
1902-12-01,1.422,Turkey
1903-01-01,-0.6319999999999999,Turkey
1903-02-01,1.7030000000000003,Turkey
1903-03-01,4.717,Turkey
1903-04-01,10.826,Turkey
1903-05-01,15.474,Turkey
1903-06-01,18.704,Turkey
1903-07-01,22.116,Turkey
1903-08-01,22.257,Turkey
1903-09-01,17.651,Turkey
1903-10-01,13.302,Turkey
1903-11-01,6.83,Turkey
1903-12-01,3.382,Turkey
1904-01-01,-1.955,Turkey
1904-02-01,3.6289999999999996,Turkey
1904-03-01,4.9860000000000015,Turkey
1904-04-01,9.015,Turkey
1904-05-01,13.874,Turkey
1904-06-01,18.918000000000006,Turkey
1904-07-01,22.524,Turkey
1904-08-01,22.435,Turkey
1904-09-01,18.272,Turkey
1904-10-01,14.031,Turkey
1904-11-01,6.901,Turkey
1904-12-01,1.788,Turkey
1905-01-01,-1.855,Turkey
1905-02-01,-0.6259999999999999,Turkey
1905-03-01,4.5489999999999995,Turkey
1905-04-01,9.777000000000001,Turkey
1905-05-01,14.687,Turkey
1905-06-01,18.365,Turkey
1905-07-01,22.817,Turkey
1905-08-01,22.853,Turkey
1905-09-01,19.288,Turkey
1905-10-01,14.671,Turkey
1905-11-01,9.875,Turkey
1905-12-01,1.307,Turkey
1906-01-01,-0.6119999999999999,Turkey
1906-02-01,2.24,Turkey
1906-03-01,6.152,Turkey
1906-04-01,9.705,Turkey
1906-05-01,13.915,Turkey
1906-06-01,18.876,Turkey
1906-07-01,21.947,Turkey
1906-08-01,21.835,Turkey
1906-09-01,17.637,Turkey
1906-10-01,12.822000000000001,Turkey
1906-11-01,7.922999999999999,Turkey
1906-12-01,3.811,Turkey
1907-01-01,-0.96,Turkey
1907-02-01,0.4740000000000002,Turkey
1907-03-01,2.476,Turkey
1907-04-01,8.455000000000002,Turkey
1907-05-01,16.014,Turkey
1907-06-01,19.439,Turkey
1907-07-01,22.096,Turkey
1907-08-01,22.154,Turkey
1907-09-01,17.29,Turkey
1907-10-01,13.285,Turkey
1907-11-01,5.5379999999999985,Turkey
1907-12-01,2.738,Turkey
1908-01-01,-0.6359999999999999,Turkey
1908-02-01,1.3510000000000002,Turkey
1908-03-01,4.2330000000000005,Turkey
1908-04-01,9.284,Turkey
1908-05-01,15.645,Turkey
1908-06-01,19.517000000000003,Turkey
1908-07-01,21.6,Turkey
1908-08-01,22.428,Turkey
1908-09-01,18.689,Turkey
1908-10-01,12.326,Turkey
1908-11-01,5.126,Turkey
1908-12-01,0.4310000000000001,Turkey
1909-01-01,-1.5040000000000002,Turkey
1909-02-01,0.552,Turkey
1909-03-01,6.3370000000000015,Turkey
1909-04-01,8.991000000000003,Turkey
1909-05-01,16.631999999999998,Turkey
1909-06-01,18.56,Turkey
1909-07-01,23.2,Turkey
1909-08-01,22.719,Turkey
1909-09-01,20.189,Turkey
1909-10-01,14.202,Turkey
1909-11-01,8.841000000000003,Turkey
1909-12-01,4.197,Turkey
1910-01-01,1.077,Turkey
1910-02-01,3.695,Turkey
1910-03-01,4.112,Turkey
1910-04-01,10.152000000000001,Turkey
1910-05-01,14.672,Turkey
1910-06-01,19.19,Turkey
1910-07-01,22.461,Turkey
1910-08-01,22.583000000000002,Turkey
1910-09-01,18.355999999999998,Turkey
1910-10-01,12.469000000000001,Turkey
1910-11-01,7.7719999999999985,Turkey
1910-12-01,1.3669999999999998,Turkey
1911-01-01,-2.8580000000000005,Turkey
1911-02-01,-3.4160000000000004,Turkey
1911-03-01,3.2110000000000003,Turkey
1911-04-01,8.912,Turkey
1911-05-01,14.771999999999998,Turkey
1911-06-01,18.454,Turkey
1911-07-01,21.84,Turkey
1911-08-01,22.327,Turkey
1911-09-01,18.044,Turkey
1911-10-01,12.877,Turkey
1911-11-01,8.719,Turkey
1911-12-01,3.307,Turkey
1912-01-01,0.384,Turkey
1912-02-01,4.3870000000000005,Turkey
1912-03-01,7.035,Turkey
1912-04-01,9.848,Turkey
1912-05-01,13.478,Turkey
1912-06-01,19.435,Turkey
1912-07-01,20.771,Turkey
1912-08-01,21.414,Turkey
1912-09-01,19.389,Turkey
1912-10-01,12.804,Turkey
1912-11-01,7.8169999999999975,Turkey
1912-12-01,2.511,Turkey
1913-01-01,-1.0890000000000002,Turkey
1913-02-01,-1.2160000000000002,Turkey
1913-03-01,4.942,Turkey
1913-04-01,9.98,Turkey
1913-05-01,13.855,Turkey
1913-06-01,18.306,Turkey
1913-07-01,21.506,Turkey
1913-08-01,22.369,Turkey
1913-09-01,19.322,Turkey
1913-10-01,12.94,Turkey
1913-11-01,7.6679999999999975,Turkey
1913-12-01,2.745,Turkey
1914-01-01,1.2,Turkey
1914-02-01,2.6790000000000003,Turkey
1914-03-01,7.417000000000002,Turkey
1914-04-01,8.968,Turkey
1914-05-01,14.044,Turkey
1914-06-01,17.904000000000003,Turkey
1914-07-01,21.935,Turkey
1914-08-01,21.745,Turkey
1914-09-01,17.516,Turkey
1914-10-01,11.879000000000001,Turkey
1914-11-01,6.1679999999999975,Turkey
1914-12-01,2.8480000000000003,Turkey
1915-01-01,4.052,Turkey
1915-02-01,3.0120000000000005,Turkey
1915-03-01,6.367000000000001,Turkey
1915-04-01,9.826,Turkey
1915-05-01,13.514,Turkey
1915-06-01,18.859,Turkey
1915-07-01,22.193,Turkey
1915-08-01,21.75500000000001,Turkey
1915-09-01,17.858999999999995,Turkey
1915-10-01,13.562000000000001,Turkey
1915-11-01,8.089,Turkey
1915-12-01,4.831,Turkey
1916-01-01,1.03,Turkey
1916-02-01,2.511,Turkey
1916-03-01,7.479,Turkey
1916-04-01,10.303,Turkey
1916-05-01,15.856,Turkey
1916-06-01,20.729000000000006,Turkey
1916-07-01,23.226,Turkey
1916-08-01,21.964000000000002,Turkey
1916-09-01,17.747999999999994,Turkey
1916-10-01,13.282,Turkey
1916-11-01,9.617,Turkey
1916-12-01,4.956,Turkey
1917-01-01,2.44,Turkey
1917-02-01,1.6840000000000002,Turkey
1917-03-01,7.172999999999999,Turkey
1917-04-01,11.967,Turkey
1917-05-01,13.192,Turkey
1917-06-01,18.609,Turkey
1917-07-01,22.504,Turkey
1917-08-01,22.59800000000001,Turkey
1917-09-01,18.526,Turkey
1917-10-01,13.924000000000001,Turkey
1917-11-01,10.311,Turkey
1917-12-01,1.849,Turkey
1918-01-01,0.985,Turkey
1918-02-01,1.632,Turkey
1918-03-01,5.113,Turkey
1918-04-01,9.362000000000002,Turkey
1918-05-01,14.25,Turkey
1918-06-01,18.165000000000006,Turkey
1918-07-01,21.835,Turkey
1918-08-01,21.741,Turkey
1918-09-01,20.123,Turkey
1918-10-01,16.256,Turkey
1918-11-01,8.699,Turkey
1918-12-01,3.831,Turkey
1919-01-01,2.984,Turkey
1919-02-01,3.147,Turkey
1919-03-01,6.747999999999998,Turkey
1919-04-01,11.284,Turkey
1919-05-01,12.209,Turkey
1919-06-01,17.345000000000002,Turkey
1919-07-01,21.466,Turkey
1919-08-01,21.124000000000002,Turkey
1919-09-01,19.003,Turkey
1919-10-01,15.556,Turkey
1919-11-01,9.585,Turkey
1919-12-01,3.435,Turkey
1920-01-01,1.2919999999999998,Turkey
1920-02-01,-2.0689999999999995,Turkey
1920-03-01,5.651,Turkey
1920-04-01,10.675999999999998,Turkey
1920-05-01,14.445,Turkey
1920-06-01,19.406,Turkey
1920-07-01,22.194000000000006,Turkey
1920-08-01,23.138,Turkey
1920-09-01,17.918,Turkey
1920-10-01,11.197000000000001,Turkey
1920-11-01,3.3279999999999994,Turkey
1920-12-01,0.3420000000000001,Turkey
1921-01-01,0.875,Turkey
1921-02-01,-0.71,Turkey
1921-03-01,3.75,Turkey
1921-04-01,9.41,Turkey
1921-05-01,15.41,Turkey
1921-06-01,18.094,Turkey
1921-07-01,22.713,Turkey
1921-08-01,23.09,Turkey
1921-09-01,17.079,Turkey
1921-10-01,11.782,Turkey
1921-11-01,7.4220000000000015,Turkey
1921-12-01,1.841,Turkey
1922-01-01,1.016,Turkey
1922-02-01,2.059,Turkey
1922-03-01,7.252000000000002,Turkey
1922-04-01,10.684000000000001,Turkey
1922-05-01,15.342,Turkey
1922-06-01,19.489,Turkey
1922-07-01,23.076,Turkey
1922-08-01,22.738000000000003,Turkey
1922-09-01,18.798,Turkey
1922-10-01,14.369000000000002,Turkey
1922-11-01,7.971999999999999,Turkey
1922-12-01,2.1830000000000003,Turkey
1923-01-01,0.925,Turkey
1923-02-01,2.596,Turkey
1923-03-01,5.723,Turkey
1923-04-01,8.817,Turkey
1923-05-01,16.067,Turkey
1923-06-01,20.165000000000006,Turkey
1923-07-01,22.236,Turkey
1923-08-01,21.206000000000003,Turkey
1923-09-01,19.730999999999998,Turkey
1923-10-01,14.032,Turkey
1923-11-01,10.27,Turkey
1923-12-01,5.369,Turkey
1924-01-01,1.077,Turkey
1924-02-01,1.7690000000000001,Turkey
1924-03-01,5.961,Turkey
1924-04-01,10.183000000000002,Turkey
1924-05-01,15.595,Turkey
1924-06-01,20.57,Turkey
1924-07-01,22.538,Turkey
1924-08-01,22.609,Turkey
1924-09-01,20.281,Turkey
1924-10-01,13.223,Turkey
1924-11-01,7.2799999999999985,Turkey
1924-12-01,0.9259999999999996,Turkey
1925-01-01,-2.245,Turkey
1925-02-01,2.6220000000000003,Turkey
1925-03-01,7.915,Turkey
1925-04-01,9.353000000000002,Turkey
1925-05-01,15.173,Turkey
1925-06-01,17.663,Turkey
1925-07-01,21.722,Turkey
1925-08-01,22.67100000000001,Turkey
1925-09-01,19.613,Turkey
1925-10-01,13.502,Turkey
1925-11-01,9.762,Turkey
1925-12-01,4.479,Turkey
1926-01-01,1.6509999999999998,Turkey
1926-02-01,2.693,Turkey
1926-03-01,5.347,Turkey
1926-04-01,10.824000000000002,Turkey
1926-05-01,15.639,Turkey
1926-06-01,19.926,Turkey
1926-07-01,21.956,Turkey
1926-08-01,21.539,Turkey
1926-09-01,17.2,Turkey
1926-10-01,13.894,Turkey
1926-11-01,9.763,Turkey
1926-12-01,4.163,Turkey
1927-01-01,1.5179999999999998,Turkey
1927-02-01,-1.3649999999999998,Turkey
1927-03-01,6.78,Turkey
1927-04-01,9.907,Turkey
1927-05-01,15.812,Turkey
1927-06-01,20.72,Turkey
1927-07-01,22.694000000000006,Turkey
1927-08-01,23.272,Turkey
1927-09-01,20.504,Turkey
1927-10-01,15.624,Turkey
1927-11-01,9.27,Turkey
1927-12-01,1.7109999999999999,Turkey
1928-01-01,0.0129999999999999,Turkey
1928-02-01,-0.5179999999999998,Turkey
1928-03-01,2.213,Turkey
1928-04-01,12.191,Turkey
1928-05-01,15.627,Turkey
1928-06-01,19.131,Turkey
1928-07-01,23.068,Turkey
1928-08-01,22.148000000000003,Turkey
1928-09-01,19.442,Turkey
1928-10-01,12.281,Turkey
1928-11-01,9.73,Turkey
1928-12-01,3.0980000000000003,Turkey
1929-01-01,-0.7369999999999999,Turkey
1929-02-01,-1.415,Turkey
1929-03-01,1.9140000000000001,Turkey
1929-04-01,9.576,Turkey
1929-05-01,17.133,Turkey
1929-06-01,19.187,Turkey
1929-07-01,22.073,Turkey
1929-08-01,24.734,Turkey
1929-09-01,17.933999999999994,Turkey
1929-10-01,13.967,Turkey
1929-11-01,9.908,Turkey
1929-12-01,3.608,Turkey
1930-01-01,1.921,Turkey
1930-02-01,2.5170000000000003,Turkey
1930-03-01,7.307,Turkey
1930-04-01,11.167000000000002,Turkey
1930-05-01,15.015999999999998,Turkey
1930-06-01,18.406,Turkey
1930-07-01,22.888,Turkey
1930-08-01,23.488000000000003,Turkey
1930-09-01,19.186,Turkey
1930-10-01,13.791,Turkey
1930-11-01,8.789,Turkey
1930-12-01,4.558,Turkey
1931-01-01,1.996,Turkey
1931-02-01,3.2140000000000004,Turkey
1931-03-01,6.369,Turkey
1931-04-01,9.015,Turkey
1931-05-01,14.838,Turkey
1931-06-01,19.127,Turkey
1931-07-01,23.136,Turkey
1931-08-01,23.259,Turkey
1931-09-01,19.778,Turkey
1931-10-01,13.559000000000001,Turkey
1931-11-01,5.688,Turkey
1931-12-01,0.7149999999999999,Turkey
1932-01-01,-1.2140000000000002,Turkey
1932-02-01,-0.060999999999999936,Turkey
1932-03-01,5.34,Turkey
1932-04-01,10.208,Turkey
1932-05-01,14.675,Turkey
1932-06-01,19.871,Turkey
1932-07-01,22.048,Turkey
1932-08-01,22.554000000000002,Turkey
1932-09-01,19.093,Turkey
1932-10-01,17.112000000000002,Turkey
1932-11-01,7.691,Turkey
1932-12-01,1.5959999999999999,Turkey
1933-01-01,-1.002,Turkey
1933-02-01,2.095,Turkey
1933-03-01,3.793,Turkey
1933-04-01,7.427000000000001,Turkey
1933-05-01,14.212,Turkey
1933-06-01,17.692999999999994,Turkey
1933-07-01,21.244,Turkey
1933-08-01,22.299000000000003,Turkey
1933-09-01,17.476999999999997,Turkey
1933-10-01,13.252,Turkey
1933-11-01,10.442,Turkey
1933-12-01,1.1309999999999998,Turkey
1934-01-01,-0.4490000000000001,Turkey
1934-02-01,-0.4350000000000001,Turkey
1934-03-01,7.246,Turkey
1934-04-01,11.012,Turkey
1934-05-01,15.308,Turkey
1934-06-01,19.064,Turkey
1934-07-01,22.371,Turkey
1934-08-01,22.329,Turkey
1934-09-01,18.559,Turkey
1934-10-01,13.925,Turkey
1934-11-01,9.161,Turkey
1934-12-01,3.222,Turkey
1935-01-01,0.014000000000000012,Turkey
1935-02-01,2.5980000000000003,Turkey
1935-03-01,4.852,Turkey
1935-04-01,10.113,Turkey
1935-05-01,16.579,Turkey
1935-06-01,20.24,Turkey
1935-07-01,22.181,Turkey
1935-08-01,23.413,Turkey
1935-09-01,20.218,Turkey
1935-10-01,14.64,Turkey
1935-11-01,6.7159999999999975,Turkey
1935-12-01,5.505,Turkey
1936-01-01,3.279,Turkey
1936-02-01,3.595,Turkey
1936-03-01,6.943,Turkey
1936-04-01,11.481000000000002,Turkey
1936-05-01,14.008,Turkey
1936-06-01,18.186,Turkey
1936-07-01,22.975,Turkey
1936-08-01,23.408,Turkey
1936-09-01,17.154999999999998,Turkey
1936-10-01,14.198,Turkey
1936-11-01,8.535,Turkey
1936-12-01,0.774,Turkey
1937-01-01,-2.3680000000000003,Turkey
1937-02-01,3.474,Turkey
1937-03-01,9.025,Turkey
1937-04-01,11.357000000000001,Turkey
1937-05-01,15.094,Turkey
1937-06-01,18.445,Turkey
1937-07-01,23.931,Turkey
1937-08-01,23.25800000000001,Turkey
1937-09-01,21.54,Turkey
1937-10-01,14.33,Turkey
1937-11-01,9.815,Turkey
1937-12-01,4.869,Turkey
1938-01-01,0.451,Turkey
1938-02-01,1.0650000000000002,Turkey
1938-03-01,3.2880000000000003,Turkey
1938-04-01,10.096,Turkey
1938-05-01,14.773,Turkey
1938-06-01,19.439,Turkey
1938-07-01,23.878,Turkey
1938-08-01,24.073,Turkey
1938-09-01,18.941,Turkey
1938-10-01,13.888,Turkey
1938-11-01,7.582000000000002,Turkey
1938-12-01,4.745,Turkey
1939-01-01,2.895,Turkey
1939-02-01,1.7790000000000004,Turkey
1939-03-01,4.7639999999999985,Turkey
1939-04-01,10.602,Turkey
1939-05-01,16.585,Turkey
1939-06-01,18.981,Turkey
1939-07-01,22.722,Turkey
1939-08-01,22.222,Turkey
1939-09-01,18.851,Turkey
1939-10-01,15.474,Turkey
1939-11-01,7.345,Turkey
1939-12-01,4.2860000000000005,Turkey
1940-01-01,-0.2,Turkey
1940-02-01,3.4210000000000003,Turkey
1940-03-01,4.3210000000000015,Turkey
1940-04-01,11.090000000000002,Turkey
1940-05-01,13.741,Turkey
1940-06-01,19.168000000000006,Turkey
1940-07-01,23.044,Turkey
1940-08-01,22.767000000000003,Turkey
1940-09-01,18.656,Turkey
1940-10-01,14.316,Turkey
1940-11-01,9.398,Turkey
1940-12-01,4.373,Turkey
1941-01-01,2.104,Turkey
1941-02-01,5.034,Turkey
1941-03-01,5.5920000000000005,Turkey
1941-04-01,11.617,Turkey
1941-05-01,16.773,Turkey
1941-06-01,20.259,Turkey
1941-07-01,22.863000000000003,Turkey
1941-08-01,22.22900000000001,Turkey
1941-09-01,17.965999999999994,Turkey
1941-10-01,11.333,Turkey
1941-11-01,6.3009999999999975,Turkey
1941-12-01,-1.3010000000000006,Turkey
1942-01-01,-2.035,Turkey
1942-02-01,2.801,Turkey
1942-03-01,4.447,Turkey
1942-04-01,9.543,Turkey
1942-05-01,16.003,Turkey
1942-06-01,20.879,Turkey
1942-07-01,22.383000000000006,Turkey
1942-08-01,22.728,Turkey
1942-09-01,18.587,Turkey
1942-10-01,13.385000000000002,Turkey
1942-11-01,8.046,Turkey
1942-12-01,1.882,Turkey
1943-01-01,0.466,Turkey
1943-02-01,-0.29499999999999993,Turkey
1943-03-01,2.0210000000000004,Turkey
1943-04-01,8.613999999999999,Turkey
1943-05-01,14.505999999999998,Turkey
1943-06-01,18.184,Turkey
1943-07-01,21.586,Turkey
1943-08-01,23.152,Turkey
1943-09-01,19.29,Turkey
1943-10-01,15.775,Turkey
1943-11-01,10.599,Turkey
1943-12-01,4.022,Turkey
1944-01-01,-0.06299999999999993,Turkey
1944-02-01,3.213,Turkey
1944-03-01,6.59,Turkey
1944-04-01,10.445,Turkey
1944-05-01,13.876,Turkey
1944-06-01,19.653,Turkey
1944-07-01,22.257,Turkey
1944-08-01,21.523000000000003,Turkey
1944-09-01,18.967,Turkey
1944-10-01,14.903,Turkey
1944-11-01,8.682,Turkey
1944-12-01,3.536,Turkey
1945-01-01,1.122,Turkey
1945-02-01,-0.3089999999999997,Turkey
1945-03-01,2.665,Turkey
1945-04-01,8.572000000000001,Turkey
1945-05-01,16.48,Turkey
1945-06-01,18.637,Turkey
1945-07-01,22.498,Turkey
1945-08-01,23.256,Turkey
1945-09-01,19.528,Turkey
1945-10-01,12.533,Turkey
1945-11-01,8.035,Turkey
1945-12-01,2.378,Turkey
1946-01-01,0.665,Turkey
1946-02-01,2.262,Turkey
1946-03-01,5.17,Turkey
1946-04-01,10.247000000000002,Turkey
1946-05-01,14.982999999999999,Turkey
1946-06-01,19.469,Turkey
1946-07-01,22.133000000000006,Turkey
1946-08-01,23.073,Turkey
1946-09-01,20.51,Turkey
1946-10-01,11.64,Turkey
1946-11-01,10.31,Turkey
1946-12-01,3.954,Turkey
1947-01-01,0.29499999999999993,Turkey
1947-02-01,3.289,Turkey
1947-03-01,9.395,Turkey
1947-04-01,11.849,Turkey
1947-05-01,15.992,Turkey
1947-06-01,20.33,Turkey
1947-07-01,23.326,Turkey
1947-08-01,22.268,Turkey
1947-09-01,18.248,Turkey
1947-10-01,12.485,Turkey
1947-11-01,9.253,Turkey
1947-12-01,5.4289999999999985,Turkey
1948-01-01,4.5360000000000005,Turkey
1948-02-01,2.496,Turkey
1948-03-01,2.185,Turkey
1948-04-01,9.032,Turkey
1948-05-01,14.982999999999999,Turkey
1948-06-01,19.381,Turkey
1948-07-01,22.858,Turkey
1948-08-01,23.334000000000003,Turkey
1948-09-01,18.465,Turkey
1948-10-01,13.004000000000001,Turkey
1948-11-01,6.039999999999999,Turkey
1948-12-01,-0.71,Turkey
1949-01-01,-1.3790000000000002,Turkey
1949-02-01,-1.642,Turkey
1949-03-01,3.279,Turkey
1949-04-01,7.301000000000001,Turkey
1949-05-01,16.277,Turkey
1949-06-01,19.811,Turkey
1949-07-01,22.063,Turkey
1949-08-01,21.684,Turkey
1949-09-01,16.871,Turkey
1949-10-01,13.192,Turkey
1949-11-01,10.152999999999999,Turkey
1949-12-01,3.922,Turkey
1950-01-01,-3.947,Turkey
1950-02-01,-0.7149999999999999,Turkey
1950-03-01,5.129,Turkey
1950-04-01,13.318,Turkey
1950-05-01,15.225999999999999,Turkey
1950-06-01,18.683,Turkey
1950-07-01,22.254,Turkey
1950-08-01,21.808000000000003,Turkey
1950-09-01,20.486,Turkey
1950-10-01,12.198,Turkey
1950-11-01,8.481,Turkey
1950-12-01,4.6789999999999985,Turkey
1951-01-01,1.911,Turkey
1951-02-01,3.019,Turkey
1951-03-01,8.126,Turkey
1951-04-01,11.726,Turkey
1951-05-01,15.661,Turkey
1951-06-01,19.309,Turkey
1951-07-01,22.708,Turkey
1951-08-01,23.446,Turkey
1951-09-01,19.26,Turkey
1951-10-01,10.456,Turkey
1951-11-01,8.309999999999999,Turkey
1951-12-01,0.823,Turkey
1952-01-01,1.173,Turkey
1952-02-01,3.192,Turkey
1952-03-01,4.796,Turkey
1952-04-01,10.761,Turkey
1952-05-01,14.306,Turkey
1952-06-01,18.228,Turkey
1952-07-01,22.571,Turkey
1952-08-01,23.784000000000002,Turkey
1952-09-01,21.346999999999998,Turkey
1952-10-01,15.472000000000001,Turkey
1952-11-01,8.7,Turkey
1952-12-01,5.999,Turkey
1953-01-01,2.963,Turkey
1953-02-01,3.0180000000000002,Turkey
1953-03-01,1.6639999999999997,Turkey
1953-04-01,10.201,Turkey
1953-05-01,14.626,Turkey
1953-06-01,19.442,Turkey
1953-07-01,22.955,Turkey
1953-08-01,23.109,Turkey
1953-09-01,18.369,Turkey
1953-10-01,13.592,Turkey
1953-11-01,4.811,Turkey
1953-12-01,-1.6939999999999995,Turkey
1954-01-01,-1.725,Turkey
1954-02-01,-0.028999999999999918,Turkey
1954-03-01,5.8039999999999985,Turkey
1954-04-01,8.491000000000001,Turkey
1954-05-01,15.264,Turkey
1954-06-01,20.709000000000003,Turkey
1954-07-01,24.061,Turkey
1954-08-01,24.113000000000003,Turkey
1954-09-01,19.619,Turkey
1954-10-01,14.446000000000002,Turkey
1954-11-01,9.076,Turkey
1954-12-01,4.606999999999998,Turkey
1955-01-01,3.609,Turkey
1955-02-01,6.6179999999999986,Turkey
1955-03-01,6.77,Turkey
1955-04-01,9.802,Turkey
1955-05-01,15.706,Turkey
1955-06-01,20.707,Turkey
1955-07-01,22.937,Turkey
1955-08-01,22.03700000000001,Turkey
1955-09-01,19.340999999999998,Turkey
1955-10-01,15.835,Turkey
1955-11-01,8.357999999999999,Turkey
1955-12-01,3.9,Turkey
1956-01-01,2.066,Turkey
1956-02-01,2.101,Turkey
1956-03-01,2.6519999999999997,Turkey
1956-04-01,10.624,Turkey
1956-05-01,13.786,Turkey
1956-06-01,19.457,Turkey
1956-07-01,22.541,Turkey
1956-08-01,23.669,Turkey
1956-09-01,17.445999999999998,Turkey
1956-10-01,12.165,Turkey
1956-11-01,6.565,Turkey
1956-12-01,0.5550000000000002,Turkey
1957-01-01,-1.517,Turkey
1957-02-01,2.9250000000000003,Turkey
1957-03-01,5.874,Turkey
1957-04-01,10.981000000000002,Turkey
1957-05-01,14.148,Turkey
1957-06-01,19.834000000000003,Turkey
1957-07-01,23.037,Turkey
1957-08-01,24.0,Turkey
1957-09-01,20.646,Turkey
1957-10-01,14.605,Turkey
1957-11-01,8.024,Turkey
1957-12-01,3.329,Turkey
1958-01-01,2.333,Turkey
1958-02-01,4.205,Turkey
1958-03-01,6.676,Turkey
1958-04-01,10.625,Turkey
1958-05-01,16.387999999999998,Turkey
1958-06-01,19.221,Turkey
1958-07-01,22.08,Turkey
1958-08-01,23.051,Turkey
1958-09-01,17.956999999999994,Turkey
1958-10-01,12.976,Turkey
1958-11-01,7.919,Turkey
1958-12-01,3.787,Turkey
1959-01-01,2.6719999999999997,Turkey
1959-02-01,-2.37,Turkey
1959-03-01,4.345,Turkey
1959-04-01,11.196000000000002,Turkey
1959-05-01,14.989,Turkey
1959-06-01,18.846,Turkey
1959-07-01,22.766,Turkey
1959-08-01,22.153000000000002,Turkey
1959-09-01,16.427999999999994,Turkey
1959-10-01,11.046,Turkey
1959-11-01,7.502999999999999,Turkey
1959-12-01,4.638,Turkey
1960-01-01,2.84,Turkey
1960-02-01,2.712,Turkey
1960-03-01,5.297999999999999,Turkey
1960-04-01,9.94,Turkey
1960-05-01,16.313,Turkey
1960-06-01,19.063,Turkey
1960-07-01,22.53,Turkey
1960-08-01,21.864,Turkey
1960-09-01,19.012999999999998,Turkey
1960-10-01,15.395,Turkey
1960-11-01,9.98,Turkey
1960-12-01,6.023,Turkey
1961-01-01,1.026,Turkey
1961-02-01,1.693,Turkey
1961-03-01,4.589,Turkey
1961-04-01,11.79,Turkey
1961-05-01,16.285999999999998,Turkey
1961-06-01,20.106,Turkey
1961-07-01,22.763,Turkey
1961-08-01,23.175,Turkey
1961-09-01,16.826,Turkey
1961-10-01,13.344000000000001,Turkey
1961-11-01,8.818,Turkey
1961-12-01,4.59,Turkey
1962-01-01,1.867,Turkey
1962-02-01,2.341,Turkey
1962-03-01,8.299,Turkey
1962-04-01,10.237,Turkey
1962-05-01,16.314,Turkey
1962-06-01,20.128,Turkey
1962-07-01,23.696,Turkey
1962-08-01,24.085,Turkey
1962-09-01,19.547,Turkey
1962-10-01,14.299000000000001,Turkey
1962-11-01,11.451,Turkey
1962-12-01,5.154,Turkey
1963-01-01,3.322,Turkey
1963-02-01,5.033,Turkey
1963-03-01,4.004,Turkey
1963-04-01,9.877,Turkey
1963-05-01,14.035,Turkey
1963-06-01,19.222,Turkey
1963-07-01,22.767,Turkey
1963-08-01,23.22900000000001,Turkey
1963-09-01,19.452,Turkey
1963-10-01,14.278,Turkey
1963-11-01,8.932,Turkey
1963-12-01,3.261,Turkey
1964-01-01,-3.3680000000000003,Turkey
1964-02-01,0.962,Turkey
1964-03-01,6.228,Turkey
1964-04-01,9.628,Turkey
1964-05-01,14.092,Turkey
1964-06-01,19.796000000000006,Turkey
1964-07-01,22.436,Turkey
1964-08-01,21.5,Turkey
1964-09-01,18.119,Turkey
1964-10-01,14.094000000000001,Turkey
1964-11-01,8.058,Turkey
1964-12-01,3.695,Turkey
1965-01-01,1.214,Turkey
1965-02-01,0.7950000000000002,Turkey
1965-03-01,6.322,Turkey
1965-04-01,9.202000000000002,Turkey
1965-05-01,14.741,Turkey
1965-06-01,20.186,Turkey
1965-07-01,22.587,Turkey
1965-08-01,22.673000000000002,Turkey
1965-09-01,19.36,Turkey
1965-10-01,10.636,Turkey
1965-11-01,7.843,Turkey
1965-12-01,4.498,Turkey
1966-01-01,4.155,Turkey
1966-02-01,6.0950000000000015,Turkey
1966-03-01,6.814,Turkey
1966-04-01,11.736,Turkey
1966-05-01,14.793,Turkey
1966-06-01,19.593,Turkey
1966-07-01,23.515,Turkey
1966-08-01,23.903000000000002,Turkey
1966-09-01,18.564,Turkey
1966-10-01,15.539000000000001,Turkey
1966-11-01,11.69,Turkey
1966-12-01,4.5600000000000005,Turkey
1967-01-01,0.31099999999999994,Turkey
1967-02-01,-1.5579999999999998,Turkey
1967-03-01,3.936,Turkey
1967-04-01,9.329,Turkey
1967-05-01,15.039,Turkey
1967-06-01,18.032,Turkey
1967-07-01,21.728,Turkey
1967-08-01,22.581000000000003,Turkey
1967-09-01,18.315,Turkey
1967-10-01,13.640999999999998,Turkey
1967-11-01,7.1320000000000014,Turkey
1967-12-01,3.81,Turkey
1968-01-01,-0.6659999999999999,Turkey
1968-02-01,1.5780000000000003,Turkey
1968-03-01,4.88,Turkey
1968-04-01,12.28,Turkey
1968-05-01,17.21,Turkey
1968-06-01,18.756,Turkey
1968-07-01,22.756,Turkey
1968-08-01,21.236,Turkey
1968-09-01,18.646,Turkey
1968-10-01,13.367,Turkey
1968-11-01,9.134,Turkey
1968-12-01,3.985,Turkey
1969-01-01,0.629,Turkey
1969-02-01,2.044,Turkey
1969-03-01,6.2860000000000005,Turkey
1969-04-01,8.274000000000001,Turkey
1969-05-01,16.22,Turkey
1969-06-01,20.609,Turkey
1969-07-01,21.132,Turkey
1969-08-01,23.012,Turkey
1969-09-01,19.249,Turkey
1969-10-01,12.934000000000001,Turkey
1969-11-01,8.200999999999999,Turkey
1969-12-01,5.037,Turkey
1970-01-01,3.474,Turkey
1970-02-01,4.832,Turkey
1970-03-01,7.72,Turkey
1970-04-01,12.903,Turkey
1970-05-01,14.969,Turkey
1970-06-01,19.703000000000007,Turkey
1970-07-01,23.278,Turkey
1970-08-01,22.268,Turkey
1970-09-01,18.395,Turkey
1970-10-01,12.028,Turkey
1970-11-01,9.261,Turkey
1970-12-01,1.824,Turkey
1971-01-01,3.8360000000000003,Turkey
1971-02-01,2.26,Turkey
1971-03-01,6.773,Turkey
1971-04-01,9.568,Turkey
1971-05-01,16.014,Turkey
1971-06-01,19.14,Turkey
1971-07-01,22.696,Turkey
1971-08-01,22.303,Turkey
1971-09-01,19.738,Turkey
1971-10-01,11.711,Turkey
1971-11-01,8.042,Turkey
1971-12-01,1.2619999999999998,Turkey
1972-01-01,-3.274,Turkey
1972-02-01,-1.2199999999999998,Turkey
1972-03-01,5.115,Turkey
1972-04-01,12.392000000000001,Turkey
1972-05-01,14.722,Turkey
1972-06-01,19.412000000000006,Turkey
1972-07-01,22.993,Turkey
1972-08-01,22.66,Turkey
1972-09-01,19.281,Turkey
1972-10-01,14.095999999999998,Turkey
1972-11-01,7.077999999999999,Turkey
1972-12-01,1.165,Turkey
1973-01-01,-0.8480000000000001,Turkey
1973-02-01,4.315,Turkey
1973-03-01,4.688,Turkey
1973-04-01,9.876,Turkey
1973-05-01,15.645,Turkey
1973-06-01,18.506,Turkey
1973-07-01,22.673,Turkey
1973-08-01,22.339000000000002,Turkey
1973-09-01,19.515,Turkey
1973-10-01,14.387,Turkey
1973-11-01,5.033999999999999,Turkey
1973-12-01,2.103,Turkey
1974-01-01,-2.3310000000000004,Turkey
1974-02-01,1.7150000000000003,Turkey
1974-03-01,6.9060000000000015,Turkey
1974-04-01,8.738999999999999,Turkey
1974-05-01,15.413,Turkey
1974-06-01,20.249000000000002,Turkey
1974-07-01,22.338,Turkey
1974-08-01,21.765,Turkey
1974-09-01,17.793999999999997,Turkey
1974-10-01,16.546,Turkey
1974-11-01,8.147,Turkey
1974-12-01,2.177,Turkey
1975-01-01,-0.003000000000000003,Turkey
1975-02-01,0.8030000000000004,Turkey
1975-03-01,6.617000000000001,Turkey
1975-04-01,12.514000000000001,Turkey
1975-05-01,15.027999999999999,Turkey
1975-06-01,20.019000000000002,Turkey
1975-07-01,23.465,Turkey
1975-08-01,22.547,Turkey
1975-09-01,19.027,Turkey
1975-10-01,12.858,Turkey
1975-11-01,7.13,Turkey
1975-12-01,0.4219999999999997,Turkey
1976-01-01,-0.3390000000000002,Turkey
1976-02-01,-1.7469999999999994,Turkey
1976-03-01,4.192,Turkey
1976-04-01,10.027000000000001,Turkey
1976-05-01,14.66,Turkey
1976-06-01,18.693,Turkey
1976-07-01,21.426,Turkey
1976-08-01,21.346,Turkey
1976-09-01,17.692,Turkey
1976-10-01,13.859000000000002,Turkey
1976-11-01,9.204,Turkey
1976-12-01,3.694,Turkey
1977-01-01,-0.49,Turkey
1977-02-01,5.894,Turkey
1977-03-01,5.8420000000000005,Turkey
1977-04-01,10.623,Turkey
1977-05-01,15.463,Turkey
1977-06-01,19.477,Turkey
1977-07-01,22.658,Turkey
1977-08-01,23.148000000000003,Turkey
1977-09-01,18.979,Turkey
1977-10-01,10.896,Turkey
1977-11-01,9.546,Turkey
1977-12-01,1.3869999999999998,Turkey
1978-01-01,1.585,Turkey
1978-02-01,5.0630000000000015,Turkey
1978-03-01,7.0630000000000015,Turkey
1978-04-01,9.947000000000001,Turkey
1978-05-01,15.624,Turkey
1978-06-01,18.99,Turkey
1978-07-01,23.244,Turkey
1978-08-01,21.495,Turkey
1978-09-01,18.484,Turkey
1978-10-01,14.334000000000001,Turkey
1978-11-01,5.7120000000000015,Turkey
1978-12-01,4.142,Turkey
1979-01-01,2.989,Turkey
1979-02-01,5.081,Turkey
1979-03-01,7.859,Turkey
1979-04-01,10.845,Turkey
1979-05-01,15.855,Turkey
1979-06-01,19.824,Turkey
1979-07-01,21.929,Turkey
1979-08-01,23.53700000000001,Turkey
1979-09-01,20.012999999999998,Turkey
1979-10-01,13.657,Turkey
1979-11-01,9.334,Turkey
1979-12-01,3.53,Turkey
1980-01-01,-0.3140000000000001,Turkey
1980-02-01,1.5340000000000005,Turkey
1980-03-01,5.1629999999999985,Turkey
1980-04-01,9.666,Turkey
1980-05-01,15.09,Turkey
1980-06-01,20.043000000000006,Turkey
1980-07-01,24.233,Turkey
1980-08-01,22.774,Turkey
1980-09-01,17.878,Turkey
1980-10-01,14.008,Turkey
1980-11-01,9.107,Turkey
1980-12-01,4.637,Turkey
1981-01-01,2.749,Turkey
1981-02-01,3.435,Turkey
1981-03-01,7.529,Turkey
1981-04-01,9.851,Turkey
1981-05-01,13.185,Turkey
1981-06-01,20.031,Turkey
1981-07-01,23.093000000000004,Turkey
1981-08-01,22.628,Turkey
1981-09-01,19.777,Turkey
1981-10-01,15.649000000000001,Turkey
1981-11-01,6.483,Turkey
1981-12-01,6.496,Turkey
1982-01-01,2.343,Turkey
1982-02-01,0.5630000000000002,Turkey
1982-03-01,4.475,Turkey
1982-04-01,10.934000000000001,Turkey
1982-05-01,15.057,Turkey
1982-06-01,19.211,Turkey
1982-07-01,21.028,Turkey
1982-08-01,21.864,Turkey
1982-09-01,19.672,Turkey
1982-10-01,13.368,Turkey
1982-11-01,6.186999999999999,Turkey
1982-12-01,3.281,Turkey
1983-01-01,-0.951,Turkey
1983-02-01,1.4469999999999998,Turkey
1983-03-01,5.6610000000000005,Turkey
1983-04-01,11.195,Turkey
1983-05-01,15.802,Turkey
1983-06-01,18.669,Turkey
1983-07-01,22.449,Turkey
1983-08-01,21.419,Turkey
1983-09-01,18.711,Turkey
1983-10-01,12.425,Turkey
1983-11-01,8.456,Turkey
1983-12-01,4.4060000000000015,Turkey
1984-01-01,3.684,Turkey
1984-02-01,3.964,Turkey
1984-03-01,6.675,Turkey
1984-04-01,9.311,Turkey
1984-05-01,15.4,Turkey
1984-06-01,19.442,Turkey
1984-07-01,22.383000000000006,Turkey
1984-08-01,20.44,Turkey
1984-09-01,20.090999999999998,Turkey
1984-10-01,14.081,Turkey
1984-11-01,8.104,Turkey
1984-12-01,1.121,Turkey
1985-01-01,3.4450000000000003,Turkey
1985-02-01,-0.113,Turkey
1985-03-01,3.952,Turkey
1985-04-01,11.643,Turkey
1985-05-01,17.037,Turkey
1985-06-01,19.894000000000002,Turkey
1985-07-01,21.438,Turkey
1985-08-01,23.977,Turkey
1985-09-01,18.854,Turkey
1985-10-01,11.515999999999998,Turkey
1985-11-01,9.965,Turkey
1985-12-01,3.427,Turkey
1986-01-01,2.86,Turkey
1986-02-01,3.698,Turkey
1986-03-01,6.356,Turkey
1986-04-01,12.45,Turkey
1986-05-01,13.242,Turkey
1986-06-01,19.348000000000006,Turkey
1986-07-01,23.501,Turkey
1986-08-01,24.372,Turkey
1986-09-01,20.56,Turkey
1986-10-01,13.196000000000002,Turkey
1986-11-01,5.4929999999999986,Turkey
1986-12-01,2.055,Turkey
1987-01-01,2.296,Turkey
1987-02-01,4.252,Turkey
1987-03-01,1.733,Turkey
1987-04-01,8.826,Turkey
1987-05-01,15.261,Turkey
1987-06-01,19.639000000000006,Turkey
1987-07-01,23.4,Turkey
1987-08-01,22.084000000000003,Turkey
1987-09-01,19.328,Turkey
1987-10-01,12.228000000000002,Turkey
1987-11-01,7.266999999999999,Turkey
1987-12-01,3.052,Turkey
1988-01-01,1.242,Turkey
1988-02-01,2.3600000000000003,Turkey
1988-03-01,4.956,Turkey
1988-04-01,10.340000000000002,Turkey
1988-05-01,15.349,Turkey
1988-06-01,19.332,Turkey
1988-07-01,23.401,Turkey
1988-08-01,22.929000000000002,Turkey
1988-09-01,18.805999999999997,Turkey
1988-10-01,12.763,Turkey
1988-11-01,4.5310000000000015,Turkey
1988-12-01,3.4539999999999997,Turkey
1989-01-01,-1.8860000000000003,Turkey
1989-02-01,1.117,Turkey
1989-03-01,8.036999999999999,Turkey
1989-04-01,14.703,Turkey
1989-05-01,15.94,Turkey
1989-06-01,19.708,Turkey
1989-07-01,23.428,Turkey
1989-08-01,23.75500000000001,Turkey
1989-09-01,19.014,Turkey
1989-10-01,12.643,Turkey
1989-11-01,7.580999999999999,Turkey
1989-12-01,2.066,Turkey
1990-01-01,-1.4430000000000005,Turkey
1990-02-01,1.798,Turkey
1990-03-01,6.568,Turkey
1990-04-01,10.441,Turkey
1990-05-01,14.687,Turkey
1990-06-01,19.435,Turkey
1990-07-01,23.656,Turkey
1990-08-01,22.243000000000002,Turkey
1990-09-01,18.68,Turkey
1990-10-01,13.934000000000001,Turkey
1990-11-01,9.87,Turkey
1990-12-01,4.521,Turkey
1991-01-01,0.5249999999999999,Turkey
1991-02-01,0.4310000000000001,Turkey
1991-03-01,6.376,Turkey
1991-04-01,10.856000000000002,Turkey
1991-05-01,14.100999999999999,Turkey
1991-06-01,20.057000000000002,Turkey
1991-07-01,23.323,Turkey
1991-08-01,23.323,Turkey
1991-09-01,18.917,Turkey
1991-10-01,14.291,Turkey
1991-11-01,7.931999999999999,Turkey
1991-12-01,0.8809999999999998,Turkey
1992-01-01,-2.245,Turkey
1992-02-01,-2.2430000000000003,Turkey
1992-03-01,3.631,Turkey
1992-04-01,10.133,Turkey
1992-05-01,13.950999999999999,Turkey
1992-06-01,18.971,Turkey
1992-07-01,21.213,Turkey
1992-08-01,23.126,Turkey
1992-09-01,17.930999999999994,Turkey
1992-10-01,14.98,Turkey
1992-11-01,6.5329999999999995,Turkey
1992-12-01,0.21899999999999986,Turkey
1993-01-01,-1.3350000000000002,Turkey
1993-02-01,-0.35399999999999965,Turkey
1993-03-01,4.875,Turkey
1993-04-01,9.964,Turkey
1993-05-01,14.089,Turkey
1993-06-01,19.31,Turkey
1993-07-01,22.545,Turkey
1993-08-01,23.114,Turkey
1993-09-01,19.191,Turkey
1993-10-01,14.658,Turkey
1993-11-01,5.0310000000000015,Turkey
1993-12-01,4.2410000000000005,Turkey
1994-01-01,3.427,Turkey
1994-02-01,2.151,Turkey
1994-03-01,6.48,Turkey
1994-04-01,13.09,Turkey
1994-05-01,16.207,Turkey
1994-06-01,19.867,Turkey
1994-07-01,23.327,Turkey
1994-08-01,23.32800000000001,Turkey
1994-09-01,21.884,Turkey
1994-10-01,15.723,Turkey
1994-11-01,6.7929999999999975,Turkey
1994-12-01,0.6609999999999999,Turkey
1995-01-01,2.399,Turkey
1995-02-01,3.992,Turkey
1995-03-01,6.811,Turkey
1995-04-01,9.805,Turkey
1995-05-01,16.213,Turkey
1995-06-01,20.93,Turkey
1995-07-01,22.482,Turkey
1995-08-01,23.366000000000003,Turkey
1995-09-01,19.461,Turkey
1995-10-01,12.406,Turkey
1995-11-01,5.621,Turkey
1995-12-01,2.78,Turkey
1996-01-01,1.306,Turkey
1996-02-01,3.362,Turkey
1996-03-01,4.572,Turkey
1996-04-01,8.875,Turkey
1996-05-01,17.23,Turkey
1996-06-01,19.801,Turkey
1996-07-01,24.196,Turkey
1996-08-01,23.501,Turkey
1996-09-01,18.505,Turkey
1996-10-01,12.534,Turkey
1996-11-01,8.705,Turkey
1996-12-01,6.284,Turkey
1997-01-01,2.414,Turkey
1997-02-01,0.6540000000000001,Turkey
1997-03-01,3.574,Turkey
1997-04-01,8.085,Turkey
1997-05-01,16.46,Turkey
1997-06-01,20.078000000000007,Turkey
1997-07-01,22.892,Turkey
1997-08-01,22.04600000000001,Turkey
1997-09-01,17.116999999999994,Turkey
1997-10-01,13.572000000000001,Turkey
1997-11-01,8.136000000000001,Turkey
1997-12-01,3.788,Turkey
1998-01-01,1.037,Turkey
1998-02-01,2.0370000000000004,Turkey
1998-03-01,4.636,Turkey
1998-04-01,12.384,Turkey
1998-05-01,15.652,Turkey
1998-06-01,20.969,Turkey
1998-07-01,24.224,Turkey
1998-08-01,24.762,Turkey
1998-09-01,19.59,Turkey
1998-10-01,14.84,Turkey
1998-11-01,10.015,Turkey
1998-12-01,4.452,Turkey
1999-01-01,3.29,Turkey
1999-02-01,3.7680000000000002,Turkey
1999-03-01,6.619,Turkey
1999-04-01,11.322000000000001,Turkey
1999-05-01,16.387,Turkey
1999-06-01,20.551,Turkey
1999-07-01,24.098000000000006,Turkey
1999-08-01,24.192,Turkey
1999-09-01,19.425,Turkey
1999-10-01,14.454,Turkey
1999-11-01,7.870999999999999,Turkey
1999-12-01,5.07,Turkey
2000-01-01,-0.982,Turkey
2000-02-01,0.8780000000000003,Turkey
2000-03-01,4.369,Turkey
2000-04-01,12.464,Turkey
2000-05-01,15.469,Turkey
2000-06-01,20.265,Turkey
2000-07-01,25.363000000000003,Turkey
2000-08-01,23.512,Turkey
2000-09-01,19.59,Turkey
2000-10-01,12.958,Turkey
2000-11-01,8.879,Turkey
2000-12-01,3.658,Turkey
2001-01-01,2.927,Turkey
2001-02-01,3.951,Turkey
2001-03-01,10.318,Turkey
2001-04-01,11.87,Turkey
2001-05-01,14.879,Turkey
2001-06-01,20.965000000000003,Turkey
2001-07-01,24.929000000000002,Turkey
2001-08-01,24.647,Turkey
2001-09-01,20.566,Turkey
2001-10-01,13.914000000000001,Turkey
2001-11-01,7.302,Turkey
2001-12-01,3.131,Turkey
2002-01-01,-1.2740000000000002,Turkey
2002-02-01,4.577,Turkey
2002-03-01,7.927,Turkey
2002-04-01,9.812000000000001,Turkey
2002-05-01,15.402,Turkey
2002-06-01,20.582,Turkey
2002-07-01,24.379,Turkey
2002-08-01,23.118000000000002,Turkey
2002-09-01,19.609,Turkey
2002-10-01,14.597000000000001,Turkey
2002-11-01,9.022,Turkey
2002-12-01,0.3169999999999997,Turkey
2003-01-01,3.93,Turkey
2003-02-01,0.4390000000000003,Turkey
2003-03-01,3.259,Turkey
2003-04-01,9.56,Turkey
2003-05-01,17.237000000000002,Turkey
2003-06-01,20.691000000000006,Turkey
2003-07-01,23.672,Turkey
2003-08-01,24.247,Turkey
2003-09-01,18.892,Turkey
2003-10-01,15.009,Turkey
2003-11-01,7.9220000000000015,Turkey
2003-12-01,3.1180000000000003,Turkey
2004-01-01,1.358,Turkey
2004-02-01,2.4090000000000003,Turkey
2004-03-01,7.134,Turkey
2004-04-01,10.515999999999998,Turkey
2004-05-01,14.994000000000002,Turkey
2004-06-01,20.089000000000002,Turkey
2004-07-01,23.222,Turkey
2004-08-01,23.42,Turkey
2004-09-01,19.691,Turkey
2004-10-01,15.114,Turkey
2004-11-01,7.877000000000002,Turkey
2004-12-01,1.8980000000000001,Turkey
2005-01-01,2.059,Turkey
2005-02-01,2.0420000000000003,Turkey
2005-03-01,6.022,Turkey
2005-04-01,11.304,Turkey
2005-05-01,15.82,Turkey
2005-06-01,19.573,Turkey
2005-07-01,24.458,Turkey
2005-08-01,24.579,Turkey
2005-09-01,19.500999999999998,Turkey
2005-10-01,12.474,Turkey
2005-11-01,7.167000000000002,Turkey
2005-12-01,4.1960000000000015,Turkey
2006-01-01,-0.4310000000000001,Turkey
2006-02-01,2.1500000000000004,Turkey
2006-03-01,7.242000000000001,Turkey
2006-04-01,11.725,Turkey
2006-05-01,16.076,Turkey
2006-06-01,21.675,Turkey
2006-07-01,23.163,Turkey
2006-08-01,25.81900000000001,Turkey
2006-09-01,19.487,Turkey
2006-10-01,14.419,Turkey
2006-11-01,6.571999999999999,Turkey
2006-12-01,1.504,Turkey
2007-01-01,1.05,Turkey
2007-02-01,2.467,Turkey
2007-03-01,6.6129999999999995,Turkey
2007-04-01,8.762,Turkey
2007-05-01,17.991,Turkey
2007-06-01,21.788,Turkey
2007-07-01,24.716,Turkey
2007-08-01,24.892000000000003,Turkey
2007-09-01,20.458,Turkey
2007-10-01,15.142000000000001,Turkey
2007-11-01,7.614,Turkey
2007-12-01,2.291,Turkey
2008-01-01,-2.345,Turkey
2008-02-01,0.08199999999999985,Turkey
2008-03-01,9.55,Turkey
2008-04-01,13.237,Turkey
2008-05-01,15.205,Turkey
2008-06-01,21.057,Turkey
2008-07-01,24.219,Turkey
2008-08-01,25.157,Turkey
2008-09-01,19.97,Turkey
2008-10-01,14.026000000000002,Turkey
2008-11-01,9.287,Turkey
2008-12-01,2.449,Turkey
2009-01-01,1.6429999999999998,Turkey
2009-02-01,4.146,Turkey
2009-03-01,5.822,Turkey
2009-04-01,10.153,Turkey
2009-05-01,15.654000000000002,Turkey
2009-06-01,21.267000000000003,Turkey
2009-07-01,23.661,Turkey
2009-08-01,22.770000000000003,Turkey
2009-09-01,18.525,Turkey
2009-10-01,15.918,Turkey
2009-11-01,8.264999999999999,Turkey
2009-12-01,5.954,Turkey
