,dt,AverageTemperature,Country
120,1787-02-01,1.758,Turkey
121,1787-03-01,5.665,Turkey
122,1787-04-01,9.113999999999999,Turkey
123,1787-05-01,15.138,Turkey
124,1787-06-01,20.516,Turkey
125,1787-07-01,22.349,Turkey
126,1787-08-01,23.059,Turkey
127,1787-09-01,17.189999999999998,Turkey
128,1787-10-01,12.533,Turkey
129,1787-11-01,8.495,Turkey
130,1787-12-01,2.572,Turkey
131,1788-01-01,-0.39899999999999997,Turkey
132,1788-02-01,2.4210000000000003,Turkey
133,1788-03-01,6.721,Turkey
134,1788-04-01,10.024,Turkey
135,1788-05-01,14.459000000000001,Turkey
136,1788-06-01,20.724,Turkey
137,1788-07-01,25.538,Turkey
138,1788-08-01,22.401999999999997,Turkey
139,1788-09-01,19.221,Turkey
140,1788-10-01,13.798,Turkey
141,1788-11-01,7.870999999999999,Turkey
142,1788-12-01,-1.9839999999999995,Turkey
143,1789-01-01,1.452,Turkey
144,1789-02-01,1.097,Turkey
145,1789-03-01,3.978,Turkey
146,1789-04-01,9.802999999999999,Turkey
147,1789-05-01,16.724,Turkey
148,1789-06-01,19.255000000000006,Turkey
149,1789-07-01,24.029,Turkey
150,1789-08-01,22.662000000000006,Turkey
151,1789-09-01,19.468,Turkey
152,1789-10-01,12.464,Turkey
153,1789-11-01,8.206999999999999,Turkey
154,1789-12-01,2.573,Turkey
155,1790-01-01,0.45,Turkey
156,1790-02-01,2.228,Turkey
157,1790-03-01,4.832,Turkey
158,1790-04-01,7.940000000000001,Turkey
159,1790-05-01,14.454,Turkey
160,1790-06-01,20.833,Turkey
161,1790-07-01,22.158,Turkey
162,1790-08-01,22.770000000000003,Turkey
163,1790-09-01,18.519000000000002,Turkey
164,1790-10-01,13.137,Turkey
165,1790-11-01,7.447999999999999,Turkey
166,1790-12-01,4.177,Turkey
167,1791-01-01,2.373,Turkey
168,1791-02-01,2.617,Turkey
169,1791-03-01,6.065,Turkey
170,1791-04-01,10.844,Turkey
171,1791-05-01,14.35,Turkey
172,1791-06-01,19.528,Turkey
173,1791-07-01,22.03,Turkey
174,1791-08-01,23.139000000000006,Turkey
175,1791-09-01,17.991,Turkey
176,1791-10-01,12.535,Turkey
177,1791-11-01,9.016,Turkey
178,1791-12-01,4.063,Turkey
179,1792-01-01,-0.8340000000000001,Turkey
180,1792-02-01,2.373,Turkey
181,1792-03-01,4.955,Turkey
182,1792-04-01,9.53,Turkey
183,1792-05-01,15.255,Turkey
184,1792-06-01,20.566000000000006,Turkey
185,1792-07-01,22.813000000000002,Turkey
186,1792-08-01,21.331000000000003,Turkey
187,1792-09-01,19.886,Turkey
188,1792-10-01,12.144,Turkey
189,1792-11-01,6.863,Turkey
190,1792-12-01,2.928,Turkey
191,1793-01-01,-1.534,Turkey
192,1793-02-01,3.385,Turkey
193,1793-03-01,4.583,Turkey
194,1793-04-01,9.601,Turkey
195,1793-05-01,14.572000000000001,Turkey
196,1793-06-01,19.283,Turkey
197,1793-07-01,22.831,Turkey
198,1793-08-01,22.008000000000006,Turkey
199,1793-09-01,19.229,Turkey
200,1793-10-01,12.812999999999999,Turkey
201,1793-11-01,7.789999999999999,Turkey
202,1793-12-01,2.127,Turkey
203,1794-01-01,2.2830000000000004,Turkey
204,1794-02-01,2.264,Turkey
205,1794-03-01,5.747000000000001,Turkey
206,1794-04-01,11.603000000000002,Turkey
207,1794-05-01,16.823,Turkey
208,1794-06-01,18.746,Turkey
209,1794-07-01,21.849,Turkey
210,1794-08-01,22.221999999999998,Turkey
211,1794-09-01,18.539,Turkey
212,1794-10-01,13.155,Turkey
213,1794-11-01,7.1709999999999985,Turkey
214,1794-12-01,1.783,Turkey
215,1795-01-01,-0.3300000000000001,Turkey
216,1795-02-01,3.305,Turkey
217,1795-03-01,6.733,Turkey
218,1795-04-01,11.170000000000002,Turkey
219,1795-05-01,15.363,Turkey
220,1795-06-01,20.041,Turkey
221,1795-07-01,22.622,Turkey
222,1795-08-01,22.205,Turkey
223,1795-09-01,17.656,Turkey
224,1795-10-01,13.027,Turkey
225,1795-11-01,6.9910000000000005,Turkey
226,1795-12-01,2.9019999999999997,Turkey
227,1796-01-01,1.909,Turkey
228,1796-02-01,1.6900000000000002,Turkey
229,1796-03-01,3.082,Turkey
230,1796-04-01,8.735000000000001,Turkey
231,1796-05-01,15.512,Turkey
232,1796-06-01,20.401,Turkey
233,1796-07-01,23.074,Turkey
234,1796-08-01,23.71,Turkey
235,1796-09-01,19.368,Turkey
236,1796-10-01,13.867,Turkey
237,1796-11-01,7.504,Turkey
238,1796-12-01,1.1590000000000005,Turkey
239,1797-01-01,2.6580000000000004,Turkey
240,1797-02-01,3.9989999999999997,Turkey
241,1797-03-01,3.968,Turkey
242,1797-04-01,9.476,Turkey
243,1797-05-01,15.318,Turkey
244,1797-06-01,20.858,Turkey
245,1797-07-01,22.715999999999998,Turkey
246,1797-08-01,23.261000000000006,Turkey
247,1797-09-01,19.777,Turkey
248,1797-10-01,13.93,Turkey
249,1797-11-01,6.539,Turkey
250,1797-12-01,2.989,Turkey
251,1798-01-01,1.5090000000000001,Turkey
252,1798-02-01,2.35,Turkey
253,1798-03-01,7.2860000000000005,Turkey
254,1798-04-01,10.225,Turkey
255,1798-05-01,15.246,Turkey
256,1798-06-01,19.496,Turkey
257,1798-07-01,23.595,Turkey
258,1798-08-01,23.789,Turkey
259,1798-09-01,19.398,Turkey
260,1798-10-01,12.575,Turkey
261,1798-11-01,7.981999999999998,Turkey
262,1798-12-01,0.8239999999999998,Turkey
263,1799-01-01,-1.264,Turkey
264,1799-02-01,-0.5899999999999999,Turkey
265,1799-03-01,4.2139999999999995,Turkey
266,1799-04-01,11.152999999999999,Turkey
267,1799-05-01,15.662,Turkey
268,1799-06-01,20.1,Turkey
269,1799-07-01,23.357,Turkey
270,1799-08-01,23.433000000000003,Turkey
271,1799-09-01,19.3,Turkey
272,1799-10-01,14.484000000000002,Turkey
273,1799-11-01,8.119,Turkey
274,1799-12-01,1.452,Turkey
275,1800-01-01,0.8029999999999999,Turkey
276,1800-02-01,2.681,Turkey
277,1800-03-01,3.67,Turkey
278,1800-04-01,12.228000000000002,Turkey
279,1800-05-01,14.857000000000001,Turkey
280,1800-06-01,19.71,Turkey
281,1800-07-01,21.855,Turkey
282,1800-08-01,22.635,Turkey
283,1800-09-01,17.798,Turkey
284,1800-10-01,13.747,Turkey
285,1800-11-01,8.15,Turkey
286,1800-12-01,3.472,Turkey
287,1801-01-01,1.301,Turkey
288,1801-02-01,1.1330000000000002,Turkey
289,1801-03-01,7.473,Turkey
290,1801-04-01,9.988,Turkey
291,1801-05-01,17.252,Turkey
292,1801-06-01,18.938,Turkey
293,1801-07-01,23.642,Turkey
294,1801-08-01,21.541,Turkey
295,1801-09-01,19.19,Turkey
296,1801-10-01,14.029000000000002,Turkey
297,1801-11-01,8.868,Turkey
298,1801-12-01,4.723,Turkey
299,1802-01-01,2.49,Turkey
300,1802-02-01,2.1919999999999997,Turkey
301,1802-03-01,6.915,Turkey
302,1802-04-01,10.162,Turkey
303,1802-05-01,14.262,Turkey
304,1802-06-01,20.949,Turkey
305,1802-07-01,24.182,Turkey
306,1802-08-01,23.454,Turkey
307,1802-09-01,18.95,Turkey
308,1802-10-01,14.632,Turkey
309,1802-11-01,8.093,Turkey
310,1802-12-01,3.241,Turkey
311,1803-01-01,-2.25,Turkey
312,1803-02-01,-0.6189999999999998,Turkey
313,1803-03-01,4.729,Turkey
314,1803-04-01,11.664,Turkey
315,1803-05-01,15.696,Turkey
316,1803-06-01,19.715,Turkey
317,1803-07-01,23.435,Turkey
318,1803-08-01,24.103,Turkey
319,1803-09-01,19.159000000000002,Turkey
320,1803-10-01,13.427,Turkey
321,1803-11-01,8.424,Turkey
322,1803-12-01,1.879,Turkey
323,1804-01-01,1.5539999999999998,Turkey
324,1804-02-01,0.91,Turkey
325,1804-03-01,4.234,Turkey
326,1804-04-01,11.885000000000002,Turkey
327,1804-05-01,15.292,Turkey
328,1804-06-01,19.74,Turkey
329,1804-07-01,24.127,Turkey
330,1804-08-01,23.064,Turkey
331,1804-09-01,19.415,Turkey
332,1804-10-01,13.353000000000002,Turkey
333,1804-11-01,7.792000000000001,Turkey
334,1804-12-01,1.489,Turkey
335,1805-01-01,0.8490000000000001,Turkey
336,1805-02-01,1.3750000000000002,Turkey
337,1805-03-01,5.466,Turkey
338,1805-04-01,9.18,Turkey
339,1805-05-01,14.575,Turkey
340,1805-06-01,20.247,Turkey
341,1805-07-01,22.94,Turkey
342,1805-08-01,23.369,Turkey
343,1805-09-01,19.075,Turkey
344,1805-10-01,11.392999999999999,Turkey
345,1805-11-01,5.959999999999999,Turkey
346,1805-12-01,3.864,Turkey
347,1806-01-01,1.952,Turkey
348,1806-02-01,1.936,Turkey
349,1806-03-01,5.406000000000001,Turkey
350,1806-04-01,10.211,Turkey
351,1806-05-01,15.705,Turkey
352,1806-06-01,18.535999999999998,Turkey
353,1806-07-01,22.391,Turkey
354,1806-08-01,23.044,Turkey
355,1806-09-01,19.713,Turkey
356,1806-10-01,12.537,Turkey
357,1806-11-01,7.407999999999999,Turkey
358,1806-12-01,3.992,Turkey
359,1807-01-01,-0.244,Turkey
360,1807-02-01,2.3160000000000003,Turkey
361,1807-03-01,5.081,Turkey
362,1807-04-01,8.945,Turkey
363,1807-05-01,13.583,Turkey
364,1807-06-01,19.532,Turkey
365,1807-07-01,22.664,Turkey
366,1807-08-01,23.540000000000006,Turkey
367,1807-09-01,20.246,Turkey
368,1807-10-01,13.815999999999999,Turkey
369,1807-11-01,9.123,Turkey
370,1807-12-01,4.341,Turkey
371,1808-01-01,1.594,Turkey
372,1808-02-01,0.387,Turkey
373,1808-03-01,2.375,Turkey
374,1808-04-01,8.994000000000002,Turkey
375,1808-05-01,13.319,Turkey
376,1808-06-01,20.000999999999998,Turkey
377,1808-07-01,23.148000000000003,Turkey
378,1808-08-01,22.502,Turkey
379,1808-09-01,20.457,Turkey
380,1808-10-01,12.937,Turkey
381,1808-11-01,6.517,Turkey
382,1808-12-01,-0.7719999999999998,Turkey
383,1809-01-01,-2.186,Turkey
384,1809-02-01,1.022,Turkey
385,1809-03-01,2.103,Turkey
386,1809-04-01,9.312,Turkey
387,1809-05-01,12.953,Turkey
388,1809-06-01,19.835,Turkey
389,1809-07-01,20.976999999999997,Turkey
390,1809-08-01,22.031999999999996,Turkey
391,1809-09-01,18.192,Turkey
392,1809-10-01,12.818,Turkey
393,1809-11-01,4.641,Turkey
394,1809-12-01,2.006,Turkey
395,1810-01-01,-0.9380000000000002,Turkey
396,1810-02-01,2.536,Turkey
397,1810-03-01,6.604,Turkey
398,1810-04-01,9.041,Turkey
399,1810-05-01,13.396999999999998,Turkey
400,1810-06-01,17.844,Turkey
401,1810-07-01,21.168000000000003,Turkey
402,1810-08-01,21.144,Turkey
403,1810-09-01,16.868,Turkey
404,1810-10-01,10.242,Turkey
405,1810-11-01,5.363,Turkey
406,1810-12-01,2.6830000000000003,Turkey
407,1811-01-01,-0.7909999999999999,Turkey
408,1811-02-01,-0.18299999999999986,Turkey
409,1811-03-01,4.976,Turkey
410,1811-04-01,7.725000000000001,Turkey
411,1811-05-01,13.733,Turkey
412,1811-06-01,18.896,Turkey
413,1811-07-01,21.116,Turkey
414,1811-08-01,23.221999999999998,Turkey
415,1811-09-01,17.368,Turkey
416,1811-10-01,12.159,Turkey
417,1811-11-01,5.617999999999999,Turkey
418,1811-12-01,3.266,Turkey
419,1812-01-01,-1.3869999999999998,Turkey
420,1812-02-01,-1.0759999999999998,Turkey
421,1812-03-01,3.008,Turkey
422,1812-04-01,8.307,Turkey
423,1812-05-01,13.329,Turkey
424,1812-06-01,18.881,Turkey
425,1812-07-01,23.433000000000003,Turkey
426,1812-08-01,24.125999999999998,Turkey
427,1812-09-01,16.935,Turkey
428,1812-10-01,12.534,Turkey
429,1812-11-01,7.050999999999998,Turkey
430,1812-12-01,-1.0500000000000005,Turkey
431,1813-01-01,-4.523,Turkey
432,1813-02-01,-0.375,Turkey
433,1813-03-01,1.804,Turkey
434,1813-04-01,9.847,Turkey
435,1813-05-01,16.259999999999998,Turkey
436,1813-06-01,18.915000000000006,Turkey
437,1813-07-01,21.678,Turkey
438,1813-08-01,21.408,Turkey
439,1813-09-01,18.493,Turkey
440,1813-10-01,13.099,Turkey
441,1813-11-01,9.927,Turkey
442,1813-12-01,2.546,Turkey
443,1814-01-01,1.7590000000000001,Turkey
444,1814-02-01,0.11900000000000023,Turkey
445,1814-03-01,4.728,Turkey
446,1814-04-01,9.667000000000002,Turkey
447,1814-05-01,12.290999999999999,Turkey
448,1814-06-01,18.732000000000006,Turkey
449,1814-07-01,20.627,Turkey
450,1814-08-01,21.836,Turkey
451,1814-09-01,17.034000000000002,Turkey
452,1814-10-01,11.591,Turkey
453,1814-11-01,7.385,Turkey
454,1814-12-01,5.921,Turkey
455,1815-01-01,-0.15000000000000013,Turkey
456,1815-02-01,1.2040000000000002,Turkey
457,1815-03-01,3.264,Turkey
458,1815-04-01,9.057,Turkey
459,1815-05-01,14.283,Turkey
460,1815-06-01,18.211,Turkey
461,1815-07-01,22.359,Turkey
462,1815-08-01,21.609,Turkey
463,1815-09-01,17.889,Turkey
464,1815-10-01,12.110999999999999,Turkey
465,1815-11-01,7.340999999999998,Turkey
466,1815-12-01,-0.16300000000000026,Turkey
467,1816-01-01,1.087,Turkey
468,1816-02-01,-0.9099999999999996,Turkey
469,1816-03-01,4.845,Turkey
470,1816-04-01,8.951,Turkey
471,1816-05-01,14.666,Turkey
472,1816-06-01,18.419,Turkey
473,1816-07-01,20.323,Turkey
474,1816-08-01,21.354000000000006,Turkey
475,1816-09-01,17.39,Turkey
476,1816-10-01,9.953,Turkey
477,1816-11-01,7.2620000000000005,Turkey
478,1816-12-01,0.2349999999999999,Turkey
479,1817-01-01,-0.16900000000000004,Turkey
480,1817-02-01,2.7230000000000003,Turkey
481,1817-03-01,5.768,Turkey
482,1817-04-01,8.538,Turkey
483,1817-05-01,12.873,Turkey
484,1817-06-01,17.57,Turkey
485,1817-07-01,21.455,Turkey
486,1817-08-01,23.438,Turkey
487,1817-09-01,15.708999999999998,Turkey
488,1817-10-01,10.556,Turkey
489,1817-11-01,6.6549999999999985,Turkey
490,1817-12-01,2.001,Turkey
491,1818-01-01,-0.8580000000000001,Turkey
492,1818-02-01,0.6440000000000001,Turkey
493,1818-03-01,6.836,Turkey
494,1818-04-01,12.562999999999999,Turkey
495,1818-05-01,15.427,Turkey
496,1818-06-01,19.408,Turkey
497,1818-07-01,21.565,Turkey
498,1818-08-01,22.427000000000003,Turkey
499,1818-09-01,17.686,Turkey
500,1818-10-01,11.460999999999999,Turkey
501,1818-11-01,7.186,Turkey
502,1818-12-01,1.419,Turkey
503,1819-01-01,-1.2940000000000005,Turkey
504,1819-02-01,1.857,Turkey
505,1819-03-01,5.424,Turkey
506,1819-04-01,9.865,Turkey
507,1819-05-01,13.273,Turkey
508,1819-06-01,17.109,Turkey
509,1819-07-01,20.109,Turkey
510,1819-08-01,20.682,Turkey
511,1819-09-01,18.116,Turkey
512,1819-10-01,14.398,Turkey
513,1819-11-01,8.921999999999997,Turkey
514,1819-12-01,3.305,Turkey
515,1820-01-01,-0.4290000000000001,Turkey
516,1820-02-01,0.5830000000000002,Turkey
517,1820-03-01,5.353,Turkey
518,1820-04-01,10.454,Turkey
519,1820-05-01,15.77,Turkey
520,1820-06-01,18.902,Turkey
521,1820-07-01,21.044,Turkey
522,1820-08-01,21.529000000000003,Turkey
523,1820-09-01,17.950999999999997,Turkey
524,1820-10-01,10.504,Turkey
525,1820-11-01,7.1770000000000005,Turkey
526,1820-12-01,2.912,Turkey
527,1821-01-01,1.858,Turkey
528,1821-02-01,2.01,Turkey
529,1821-03-01,6.332999999999999,Turkey
530,1821-04-01,10.003,Turkey
531,1821-05-01,15.878,Turkey
532,1821-06-01,16.829,Turkey
533,1821-07-01,19.843,Turkey
534,1821-08-01,20.480999999999998,Turkey
535,1821-09-01,16.968999999999998,Turkey
536,1821-10-01,11.864,Turkey
537,1821-11-01,6.973,Turkey
538,1821-12-01,3.1319999999999997,Turkey
539,1822-01-01,1.886,Turkey
540,1822-02-01,0.742,Turkey
541,1822-03-01,5.558,Turkey
542,1822-04-01,9.54,Turkey
543,1822-05-01,13.561,Turkey
544,1822-06-01,19.35,Turkey
545,1822-07-01,22.413,Turkey
546,1822-08-01,21.703000000000007,Turkey
547,1822-09-01,17.269000000000002,Turkey
548,1822-10-01,12.117,Turkey
549,1822-11-01,6.590999999999998,Turkey
550,1822-12-01,-0.254,Turkey
551,1823-01-01,-0.278,Turkey
552,1823-02-01,2.992,Turkey
553,1823-03-01,6.355,Turkey
554,1823-04-01,9.458,Turkey
555,1823-05-01,15.074000000000002,Turkey
556,1823-06-01,20.375999999999998,Turkey
557,1823-07-01,22.704,Turkey
558,1823-08-01,22.155,Turkey
559,1823-09-01,16.721,Turkey
560,1823-10-01,11.389,Turkey
561,1823-11-01,6.391,Turkey
562,1823-12-01,3.34,Turkey
563,1824-01-01,1.764,Turkey
564,1824-02-01,2.095,Turkey
565,1824-03-01,6.752000000000001,Turkey
566,1824-04-01,9.816,Turkey
567,1824-05-01,15.365,Turkey
568,1824-06-01,19.963,Turkey
569,1824-07-01,22.511999999999997,Turkey
570,1824-08-01,23.393,Turkey
571,1824-09-01,18.908,Turkey
572,1824-10-01,13.681,Turkey
573,1824-11-01,8.157,Turkey
574,1824-12-01,5.09,Turkey
575,1825-01-01,-0.1279999999999999,Turkey
576,1825-02-01,0.12400000000000012,Turkey
577,1825-03-01,3.092,Turkey
578,1825-04-01,8.777999999999999,Turkey
579,1825-05-01,14.224,Turkey
580,1825-06-01,19.315,Turkey
581,1825-07-01,22.014,Turkey
582,1825-08-01,22.109,Turkey
583,1825-09-01,17.869,Turkey
584,1825-10-01,12.064,Turkey
585,1825-11-01,10.474,Turkey
586,1825-12-01,4.13,Turkey
587,1826-01-01,0.5429999999999999,Turkey
588,1826-02-01,-1.3630000000000002,Turkey
589,1826-03-01,4.048,Turkey
590,1826-04-01,8.401,Turkey
591,1826-05-01,13.890999999999998,Turkey
592,1826-06-01,17.996000000000006,Turkey
593,1826-07-01,23.324,Turkey
594,1826-08-01,22.573,Turkey
595,1826-09-01,18.407,Turkey
596,1826-10-01,11.811,Turkey
597,1826-11-01,8.995,Turkey
598,1826-12-01,4.678999999999999,Turkey
599,1827-01-01,3.082,Turkey
600,1827-02-01,2.108,Turkey
601,1827-03-01,7.056,Turkey
602,1827-04-01,10.088,Turkey
603,1827-05-01,14.962,Turkey
604,1827-06-01,20.491999999999997,Turkey
605,1827-07-01,23.921,Turkey
606,1827-08-01,23.228,Turkey
607,1827-09-01,17.134999999999998,Turkey
608,1827-10-01,13.694,Turkey
609,1827-11-01,8.664,Turkey
610,1827-12-01,2.39,Turkey
611,1828-01-01,-2.2510000000000003,Turkey
612,1828-02-01,-0.6119999999999997,Turkey
613,1828-03-01,6.791,Turkey
614,1828-04-01,10.61,Turkey
615,1828-05-01,14.826,Turkey
616,1828-06-01,20.738000000000003,Turkey
617,1828-07-01,24.019000000000002,Turkey
618,1828-08-01,23.002,Turkey
619,1828-09-01,16.590999999999998,Turkey
620,1828-10-01,11.690999999999999,Turkey
621,1828-11-01,7.891,Turkey
622,1828-12-01,0.7410000000000001,Turkey
623,1829-01-01,-0.03499999999999992,Turkey
624,1829-02-01,0.8890000000000002,Turkey
625,1829-03-01,5.781000000000001,Turkey
626,1829-04-01,11.87,Turkey
627,1829-05-01,14.595,Turkey
628,1829-06-01,17.896,Turkey
629,1829-07-01,22.039,Turkey
630,1829-08-01,22.368,Turkey
631,1829-09-01,18.167,Turkey
632,1829-10-01,12.556,Turkey
633,1829-11-01,5.940999999999999,Turkey
634,1829-12-01,0.6299999999999999,Turkey
635,1830-01-01,-0.2990000000000001,Turkey
636,1830-02-01,1.3350000000000002,Turkey
637,1830-03-01,3.3539999999999996,Turkey
638,1830-04-01,9.609000000000002,Turkey
639,1830-05-01,15.396,Turkey
640,1830-06-01,19.989,Turkey
641,1830-07-01,22.680999999999997,Turkey
642,1830-08-01,23.054,Turkey
643,1830-09-01,17.947,Turkey
644,1830-10-01,11.238,Turkey
645,1830-11-01,7.5939999999999985,Turkey
646,1830-12-01,5.678999999999999,Turkey
647,1831-01-01,0.3240000000000001,Turkey
648,1831-02-01,1.403,Turkey
649,1831-03-01,5.4510000000000005,Turkey
650,1831-04-01,9.352,Turkey
651,1831-05-01,15.416,Turkey
652,1831-06-01,19.625999999999998,Turkey
653,1831-07-01,21.768,Turkey
654,1831-08-01,21.173,Turkey
655,1831-09-01,16.558,Turkey
656,1831-10-01,11.247,Turkey
657,1831-11-01,6.856,Turkey
658,1831-12-01,1.838,Turkey
659,1832-01-01,-0.2250000000000001,Turkey
660,1832-02-01,-0.4049999999999998,Turkey
661,1832-03-01,3.221,Turkey
662,1832-04-01,8.231000000000002,Turkey
663,1832-05-01,14.362,Turkey
664,1832-06-01,18.528,Turkey
665,1832-07-01,20.92,Turkey
666,1832-08-01,20.549000000000003,Turkey
667,1832-09-01,16.595,Turkey
668,1832-10-01,11.380999999999998,Turkey
669,1832-11-01,4.813999999999999,Turkey
670,1832-12-01,0.4750000000000001,Turkey
671,1833-01-01,-1.421,Turkey
672,1833-02-01,2.451,Turkey
673,1833-03-01,4.611000000000001,Turkey
674,1833-04-01,9.751,Turkey
675,1833-05-01,14.892000000000001,Turkey
676,1833-06-01,20.289,Turkey
677,1833-07-01,22.595,Turkey
678,1833-08-01,21.269,Turkey
679,1833-09-01,18.136,Turkey
680,1833-10-01,11.208,Turkey
681,1833-11-01,6.871,Turkey
682,1833-12-01,2.832,Turkey
683,1834-01-01,0.39,Turkey
684,1834-02-01,-1.0769999999999995,Turkey
685,1834-03-01,5.247999999999999,Turkey
686,1834-04-01,8.943999999999999,Turkey
687,1834-05-01,16.394000000000002,Turkey
688,1834-06-01,19.352,Turkey
689,1834-07-01,21.714000000000002,Turkey
690,1834-08-01,21.851999999999997,Turkey
691,1834-09-01,18.71,Turkey
692,1834-10-01,11.667000000000002,Turkey
693,1834-11-01,7.487,Turkey
694,1834-12-01,1.848,Turkey
695,1835-01-01,1.052,Turkey
696,1835-02-01,2.524,Turkey
697,1835-03-01,5.324,Turkey
698,1835-04-01,9.193999999999999,Turkey
699,1835-05-01,14.157,Turkey
700,1835-06-01,18.487,Turkey
701,1835-07-01,21.389,Turkey
702,1835-08-01,20.491,Turkey
703,1835-09-01,15.512999999999998,Turkey
704,1835-10-01,13.652999999999999,Turkey
705,1835-11-01,5.638,Turkey
706,1835-12-01,0.14500000000000002,Turkey
707,1836-01-01,-2.0700000000000003,Turkey
708,1836-02-01,0.8660000000000001,Turkey
709,1836-03-01,7.35,Turkey
710,1836-04-01,9.532,Turkey
711,1836-05-01,13.838,Turkey
712,1836-06-01,19.232000000000006,Turkey
713,1836-07-01,20.802,Turkey
714,1836-08-01,20.680999999999997,Turkey
715,1836-09-01,17.889999999999993,Turkey
716,1836-10-01,13.874,Turkey
717,1836-11-01,7.6160000000000005,Turkey
718,1836-12-01,4.497,Turkey
719,1837-01-01,0.996,Turkey
720,1837-02-01,0.016000000000000014,Turkey
721,1837-03-01,5.097,Turkey
722,1837-04-01,10.418,Turkey
723,1837-05-01,14.293,Turkey
724,1837-06-01,18.115,Turkey
725,1837-07-01,20.866,Turkey
726,1837-08-01,21.776999999999997,Turkey
727,1837-09-01,18.707,Turkey
728,1837-10-01,10.49,Turkey
729,1837-11-01,6.643,Turkey
730,1837-12-01,0.4789999999999997,Turkey
731,1838-01-01,-3.711,Turkey
732,1838-02-01,1.8520000000000003,Turkey
733,1838-03-01,4.626,Turkey
734,1838-04-01,8.875,Turkey
735,1838-05-01,13.994000000000002,Turkey
736,1838-06-01,17.974,Turkey
737,1838-07-01,21.053,Turkey
738,1838-08-01,21.103,Turkey
739,1838-09-01,18.568,Turkey
740,1838-10-01,10.728000000000002,Turkey
741,1838-11-01,8.424,Turkey
742,1838-12-01,1.7519999999999998,Turkey
743,1839-01-01,0.139,Turkey
744,1839-02-01,2.161,Turkey
745,1839-03-01,1.689,Turkey
746,1839-04-01,7.6510000000000025,Turkey
747,1839-05-01,13.493,Turkey
748,1839-06-01,18.825000000000006,Turkey
749,1839-07-01,22.434,Turkey
750,1839-08-01,23.822000000000006,Turkey
751,1839-09-01,18.327,Turkey
752,1839-10-01,12.389,Turkey
753,1839-11-01,7.593,Turkey
754,1839-12-01,0.8619999999999997,Turkey
755,1840-01-01,-0.6159999999999999,Turkey
756,1840-02-01,0.19500000000000028,Turkey
757,1840-03-01,2.532,Turkey
758,1840-04-01,7.000000000000001,Turkey
759,1840-05-01,13.916,Turkey
760,1840-06-01,18.076,Turkey
761,1840-07-01,24.175,Turkey
762,1840-08-01,21.862,Turkey
763,1840-09-01,18.374000000000002,Turkey
764,1840-10-01,12.901,Turkey
765,1840-11-01,8.291,Turkey
766,1840-12-01,-0.3860000000000001,Turkey
767,1841-01-01,0.5249999999999999,Turkey
768,1841-02-01,0.31199999999999983,Turkey
769,1841-03-01,2.422,Turkey
770,1841-04-01,9.269000000000002,Turkey
771,1841-05-01,14.212,Turkey
772,1841-06-01,19.554,Turkey
773,1841-07-01,24.191999999999997,Turkey
774,1841-08-01,22.523000000000003,Turkey
775,1841-09-01,19.165,Turkey
776,1841-10-01,14.673,Turkey
777,1841-11-01,7.332999999999998,Turkey
778,1841-12-01,3.5239999999999996,Turkey
779,1842-01-01,-0.3440000000000001,Turkey
780,1842-02-01,0.3370000000000002,Turkey
781,1842-03-01,5.287000000000001,Turkey
782,1842-04-01,9.263000000000002,Turkey
783,1842-05-01,14.144,Turkey
784,1842-06-01,18.991000000000003,Turkey
785,1842-07-01,21.265,Turkey
786,1842-08-01,21.462000000000003,Turkey
787,1842-09-01,18.473,Turkey
788,1842-10-01,12.47,Turkey
789,1842-11-01,8.805,Turkey
790,1842-12-01,3.491,Turkey
791,1843-01-01,1.473,Turkey
792,1843-02-01,5.074,Turkey
793,1843-03-01,5.322,Turkey
794,1843-04-01,9.517,Turkey
795,1843-05-01,13.364,Turkey
796,1843-06-01,18.534,Turkey
797,1843-07-01,21.886,Turkey
798,1843-08-01,21.244,Turkey
799,1843-09-01,16.845,Turkey
800,1843-10-01,13.177,Turkey
801,1843-11-01,6.97,Turkey
802,1843-12-01,1.879,Turkey
803,1844-01-01,0.259,Turkey
804,1844-02-01,4.126,Turkey
805,1844-03-01,5.688,Turkey
806,1844-04-01,7.128000000000001,Turkey
807,1844-05-01,13.796,Turkey
808,1844-06-01,18.238000000000003,Turkey
809,1844-07-01,22.73,Turkey
810,1844-08-01,22.230999999999998,Turkey
811,1844-09-01,18.206,Turkey
812,1844-10-01,12.495999999999999,Turkey
813,1844-11-01,7.382999999999999,Turkey
814,1844-12-01,-0.4819999999999998,Turkey
815,1845-01-01,-0.8390000000000002,Turkey
816,1845-02-01,1.1159999999999999,Turkey
817,1845-03-01,6.414,Turkey
818,1845-04-01,10.315,Turkey
819,1845-05-01,15.148,Turkey
820,1845-06-01,18.896,Turkey
821,1845-07-01,23.28,Turkey
822,1845-08-01,22.416,Turkey
823,1845-09-01,17.049,Turkey
824,1845-10-01,13.129,Turkey
825,1845-11-01,6.8809999999999985,Turkey
826,1845-12-01,3.139,Turkey
827,1846-01-01,1.645,Turkey
828,1846-02-01,2.2119999999999997,Turkey
829,1846-03-01,6.185,Turkey
830,1846-04-01,10.394,Turkey
831,1846-05-01,14.532,Turkey
832,1846-06-01,17.919,Turkey
833,1846-07-01,22.927,Turkey
834,1846-08-01,23.234,Turkey
835,1846-09-01,18.89,Turkey
836,1846-10-01,13.94,Turkey
837,1846-11-01,4.892,Turkey
838,1846-12-01,5.465,Turkey
839,1847-01-01,-0.77,Turkey
840,1847-02-01,3.2710000000000004,Turkey
841,1847-03-01,4.362,Turkey
842,1847-04-01,10.854,Turkey
843,1847-05-01,15.183,Turkey
844,1847-06-01,19.344,Turkey
845,1847-07-01,23.48,Turkey
846,1847-08-01,22.930999999999997,Turkey
847,1847-09-01,19.542,Turkey
848,1847-10-01,12.523,Turkey
849,1847-11-01,6.9510000000000005,Turkey
850,1847-12-01,-0.2769999999999997,Turkey
851,1848-01-01,-1.61,Turkey
852,1848-02-01,1.7180000000000002,Turkey
853,1848-03-01,5.672999999999999,Turkey
854,1848-04-01,10.811000000000002,Turkey
855,1848-05-01,14.364999999999998,Turkey
856,1848-06-01,21.131999999999998,Turkey
857,1848-07-01,23.426,Turkey
858,1848-08-01,23.188,Turkey
859,1848-09-01,17.473,Turkey
860,1848-10-01,14.194,Turkey
861,1848-11-01,8.493,Turkey
862,1848-12-01,0.5419999999999998,Turkey
863,1849-01-01,-0.6759999999999999,Turkey
864,1849-02-01,0.8190000000000002,Turkey
865,1849-03-01,4.372,Turkey
866,1849-04-01,10.123,Turkey
867,1849-05-01,14.694,Turkey
868,1849-06-01,19.559,Turkey
869,1849-07-01,22.122,Turkey
870,1849-08-01,22.42,Turkey
871,1849-09-01,18.078,Turkey
872,1849-10-01,13.685,Turkey
873,1849-11-01,8.623999999999999,Turkey
874,1849-12-01,2.6510000000000002,Turkey
875,1850-01-01,-0.8809999999999999,Turkey
876,1850-02-01,0.8330000000000002,Turkey
877,1850-03-01,3.571,Turkey
878,1850-04-01,8.264000000000001,Turkey
879,1850-05-01,13.105,Turkey
880,1850-06-01,19.180999999999997,Turkey
881,1850-07-01,22.814,Turkey
882,1850-08-01,23.148000000000003,Turkey
883,1850-09-01,17.506999999999998,Turkey
884,1850-10-01,13.925,Turkey
885,1850-11-01,7.169,Turkey
886,1850-12-01,1.663,Turkey
887,1851-01-01,-0.07000000000000006,Turkey
888,1851-02-01,1.0030000000000003,Turkey
889,1851-03-01,5.526,Turkey
890,1851-04-01,10.213,Turkey
891,1851-05-01,17.631,Turkey
892,1851-06-01,18.872,Turkey
893,1851-07-01,22.745,Turkey
894,1851-08-01,23.521,Turkey
895,1851-09-01,18.819000000000003,Turkey
896,1851-10-01,13.677,Turkey
897,1851-11-01,9.774,Turkey
898,1851-12-01,1.3430000000000002,Turkey
899,1852-01-01,0.562,Turkey
900,1852-02-01,1.6870000000000005,Turkey
901,1852-03-01,3.74,Turkey
902,1852-04-01,8.180000000000001,Turkey
903,1852-05-01,14.356,Turkey
904,1852-06-01,19.327,Turkey
905,1852-07-01,21.933000000000003,Turkey
906,1852-08-01,22.033,Turkey
907,1852-09-01,18.179000000000002,Turkey
908,1852-10-01,14.423,Turkey
909,1852-11-01,8.818999999999997,Turkey
910,1852-12-01,3.752,Turkey
911,1853-01-01,1.745,Turkey
912,1853-02-01,3.7569999999999997,Turkey
913,1853-03-01,7.202999999999999,Turkey
914,1853-04-01,9.771,Turkey
915,1853-05-01,15.203,Turkey
916,1853-06-01,19.534,Turkey
917,1853-07-01,23.182,Turkey
918,1853-08-01,23.449,Turkey
919,1853-09-01,18.329,Turkey
920,1853-10-01,14.75,Turkey
921,1853-11-01,7.074,Turkey
922,1853-12-01,2.734,Turkey
923,1854-01-01,0.909,Turkey
924,1854-02-01,0.27200000000000024,Turkey
925,1854-03-01,2.401,Turkey
926,1854-04-01,6.899000000000001,Turkey
927,1854-05-01,15.07,Turkey
928,1854-06-01,18.53,Turkey
929,1854-07-01,22.18,Turkey
930,1854-08-01,21.62,Turkey
931,1854-09-01,17.035,Turkey
932,1854-10-01,14.435,Turkey
933,1854-11-01,8.623,Turkey
934,1854-12-01,4.2860000000000005,Turkey
935,1855-01-01,-0.4809999999999999,Turkey
936,1855-02-01,3.0780000000000003,Turkey
937,1855-03-01,7.484,Turkey
938,1855-04-01,9.587000000000002,Turkey
939,1855-05-01,16.392,Turkey
940,1855-06-01,20.03,Turkey
941,1855-07-01,22.219,Turkey
942,1855-08-01,22.098000000000006,Turkey
943,1855-09-01,16.116999999999994,Turkey
944,1855-10-01,13.585,Turkey
945,1855-11-01,7.675,Turkey
946,1855-12-01,1.849,Turkey
947,1856-01-01,1.494,Turkey
948,1856-02-01,1.5530000000000002,Turkey
949,1856-03-01,1.7990000000000002,Turkey
950,1856-04-01,8.357000000000001,Turkey
951,1856-05-01,14.651,Turkey
952,1856-06-01,20.083,Turkey
953,1856-07-01,22.01,Turkey
954,1856-08-01,22.853,Turkey
955,1856-09-01,18.52,Turkey
956,1856-10-01,11.6,Turkey
957,1856-11-01,5.973,Turkey
958,1856-12-01,4.098,Turkey
959,1857-01-01,3.069,Turkey
960,1857-02-01,-0.4069999999999996,Turkey
961,1857-03-01,3.8089999999999997,Turkey
962,1857-04-01,9.7,Turkey
963,1857-05-01,14.175,Turkey
964,1857-06-01,18.147,Turkey
965,1857-07-01,21.362,Turkey
966,1857-08-01,20.809,Turkey
967,1857-09-01,16.206999999999994,Turkey
968,1857-10-01,12.734000000000002,Turkey
969,1857-11-01,6.1389999999999985,Turkey
970,1857-12-01,0.6619999999999999,Turkey
971,1858-01-01,-3.162,Turkey
972,1858-02-01,-1.557,Turkey
973,1858-03-01,4.907,Turkey
974,1858-04-01,9.104,Turkey
975,1858-05-01,15.2,Turkey
976,1858-06-01,18.790000000000006,Turkey
977,1858-07-01,23.021,Turkey
978,1858-08-01,22.326,Turkey
979,1858-09-01,17.407,Turkey
980,1858-10-01,14.547,Turkey
981,1858-11-01,8.952,Turkey
982,1858-12-01,2.747,Turkey
983,1859-01-01,-2.139,Turkey
984,1859-02-01,0.2330000000000001,Turkey
985,1859-03-01,5.191,Turkey
986,1859-04-01,11.010000000000002,Turkey
987,1859-05-01,16.302,Turkey
988,1859-06-01,18.678,Turkey
989,1859-07-01,21.781,Turkey
990,1859-08-01,23.116999999999997,Turkey
991,1859-09-01,19.553,Turkey
992,1859-10-01,13.790999999999999,Turkey
993,1859-11-01,7.452000000000001,Turkey
994,1859-12-01,3.5389999999999997,Turkey
995,1860-01-01,1.0190000000000001,Turkey
996,1860-02-01,1.96,Turkey
997,1860-03-01,3.37,Turkey
998,1860-04-01,11.158,Turkey
999,1860-05-01,14.594000000000001,Turkey
1000,1860-06-01,20.94,Turkey
1001,1860-07-01,23.405,Turkey
1002,1860-08-01,23.551,Turkey
1003,1860-09-01,19.797,Turkey
1004,1860-10-01,13.32,Turkey
1005,1860-11-01,6.523999999999999,Turkey
1006,1860-12-01,3.332,Turkey
1007,1861-01-01,-1.6130000000000002,Turkey
1008,1861-02-01,0.6360000000000001,Turkey
1009,1861-03-01,5.357,Turkey
1010,1861-04-01,8.218,Turkey
1011,1861-05-01,12.285,Turkey
1012,1861-06-01,19.086,Turkey
1013,1861-07-01,22.834,Turkey
1014,1861-08-01,21.769,Turkey
1015,1861-09-01,17.866,Turkey
1016,1861-10-01,11.455,Turkey
1017,1861-11-01,8.73,Turkey
1018,1861-12-01,0.2769999999999997,Turkey
1019,1862-01-01,-0.961,Turkey
1020,1862-02-01,-0.11699999999999955,Turkey
1021,1862-03-01,5.787999999999999,Turkey
1022,1862-04-01,10.484000000000002,Turkey
1023,1862-05-01,15.152000000000001,Turkey
1024,1862-06-01,20.842,Turkey
1025,1862-07-01,22.866999999999997,Turkey
1026,1862-08-01,21.521,Turkey
1027,1862-09-01,17.003,Turkey
1028,1862-10-01,10.317,Turkey
1029,1862-11-01,6.207999999999999,Turkey
1030,1862-12-01,-0.8729999999999998,Turkey
1031,1863-01-01,-0.6729999999999999,Turkey
1032,1863-02-01,-0.428,Turkey
1033,1863-03-01,6.357,Turkey
1034,1863-04-01,8.182,Turkey
1035,1863-05-01,15.795,Turkey
1036,1863-06-01,19.17,Turkey
1037,1863-07-01,22.364,Turkey
1038,1863-08-01,21.837000000000003,Turkey
1039,1863-09-01,19.283,Turkey
1040,1863-10-01,12.877,Turkey
1041,1863-11-01,7.7860000000000005,Turkey
1042,1863-12-01,1.215,Turkey
1043,1864-01-01,-3.727,Turkey
1044,1864-02-01,1.308,Turkey
1045,1864-03-01,7.891999999999999,Turkey
1046,1864-04-01,9.503,Turkey
1047,1864-05-01,13.805,Turkey
1048,1864-06-01,19.975,Turkey
1049,1864-07-01,21.105999999999998,Turkey
1050,1864-08-01,22.035,Turkey
1051,1864-09-01,18.752,Turkey
1052,1864-10-01,13.36,Turkey
1053,1864-11-01,8.956,Turkey
1054,1864-12-01,1.644,Turkey
1055,1865-01-01,3.5700000000000003,Turkey
1056,1865-02-01,2.946,Turkey
1057,1865-03-01,6.933,Turkey
1058,1865-04-01,7.957000000000002,Turkey
1059,1865-05-01,13.788,Turkey
1060,1865-06-01,18.405,Turkey
1061,1865-07-01,22.268,Turkey
1062,1865-08-01,22.570999999999998,Turkey
1063,1865-09-01,16.587,Turkey
1064,1865-10-01,15.043,Turkey
1065,1865-11-01,7.896,Turkey
1066,1865-12-01,0.07100000000000017,Turkey
1067,1866-01-01,-0.411,Turkey
1068,1866-02-01,2.162,Turkey
1069,1866-03-01,7.71,Turkey
1070,1866-04-01,9.386,Turkey
1071,1866-05-01,14.518,Turkey
1072,1866-06-01,18.765,Turkey
1073,1866-07-01,23.183000000000003,Turkey
1074,1866-08-01,22.83,Turkey
1075,1866-09-01,19.025,Turkey
1076,1866-10-01,11.390999999999998,Turkey
1077,1866-11-01,6.206999999999999,Turkey
1078,1866-12-01,2.18,Turkey
1079,1867-01-01,2.427,Turkey
1080,1867-02-01,1.1800000000000002,Turkey
1081,1867-03-01,4.697,Turkey
1082,1867-04-01,10.05,Turkey
1083,1867-05-01,15.146999999999998,Turkey
1084,1867-06-01,18.281,Turkey
1085,1867-07-01,21.726,Turkey
1086,1867-08-01,21.078000000000007,Turkey
1087,1867-09-01,17.604,Turkey
1088,1867-10-01,13.437,Turkey
1089,1867-11-01,6.379,Turkey
1090,1867-12-01,2.755,Turkey
1091,1868-01-01,1.49,Turkey
1092,1868-02-01,-1.025,Turkey
1093,1868-03-01,4.447,Turkey
1094,1868-04-01,8.082,Turkey
1095,1868-05-01,14.518,Turkey
1096,1868-06-01,19.340999999999998,Turkey
1097,1868-07-01,21.848000000000003,Turkey
1098,1868-08-01,22.199,Turkey
1099,1868-09-01,18.824,Turkey
1100,1868-10-01,15.82,Turkey
1101,1868-11-01,6.808999999999998,Turkey
1102,1868-12-01,2.603,Turkey
1103,1869-01-01,-1.985,Turkey
1104,1869-02-01,1.859,Turkey
1105,1869-03-01,7.205999999999999,Turkey
1106,1869-04-01,8.503,Turkey
1107,1869-05-01,15.919,Turkey
1108,1869-06-01,20.592,Turkey
1109,1869-07-01,21.335,Turkey
1110,1869-08-01,23.826999999999998,Turkey
1111,1869-09-01,18.129,Turkey
1112,1869-10-01,13.892,Turkey
1113,1869-11-01,7.824999999999998,Turkey
1114,1869-12-01,3.58,Turkey
1115,1870-01-01,2.322,Turkey
1116,1870-02-01,0.6780000000000004,Turkey
1117,1870-03-01,6.645,Turkey
1118,1870-04-01,6.686000000000003,Turkey
1119,1870-05-01,16.279,Turkey
1120,1870-06-01,18.040000000000006,Turkey
1121,1870-07-01,21.53,Turkey
1122,1870-08-01,22.441999999999997,Turkey
1123,1870-09-01,17.412,Turkey
1124,1870-10-01,11.333,Turkey
1125,1870-11-01,9.787,Turkey
1126,1870-12-01,4.704,Turkey
1127,1871-01-01,1.778,Turkey
1128,1871-02-01,0.9760000000000002,Turkey
1129,1871-03-01,4.029,Turkey
1130,1871-04-01,9.878,Turkey
1131,1871-05-01,14.041,Turkey
1132,1871-06-01,18.773000000000003,Turkey
1133,1871-07-01,22.433000000000003,Turkey
1134,1871-08-01,22.913,Turkey
1135,1871-09-01,17.512999999999998,Turkey
1136,1871-10-01,12.126,Turkey
1137,1871-11-01,8.794,Turkey
1138,1871-12-01,2.488,Turkey
1139,1872-01-01,1.327,Turkey
1140,1872-02-01,-0.7410000000000001,Turkey
1141,1872-03-01,6.671,Turkey
1142,1872-04-01,11.645999999999999,Turkey
1143,1872-05-01,16.447,Turkey
1144,1872-06-01,18.607000000000006,Turkey
1145,1872-07-01,21.949,Turkey
1146,1872-08-01,22.72,Turkey
1147,1872-09-01,19.796,Turkey
1148,1872-10-01,14.062999999999999,Turkey
1149,1872-11-01,9.883,Turkey
1150,1872-12-01,4.312,Turkey
1151,1873-01-01,2.983,Turkey
1152,1873-02-01,2.5620000000000003,Turkey
1153,1873-03-01,6.308,Turkey
1154,1873-04-01,11.377,Turkey
1155,1873-05-01,16.415,Turkey
1156,1873-06-01,18.345,Turkey
1157,1873-07-01,22.24,Turkey
1158,1873-08-01,22.820999999999998,Turkey
1159,1873-09-01,18.153,Turkey
1160,1873-10-01,14.027999999999999,Turkey
1161,1873-11-01,7.6629999999999985,Turkey
1162,1873-12-01,2.1790000000000003,Turkey
1163,1874-01-01,-0.5030000000000001,Turkey
1164,1874-02-01,-0.29600000000000026,Turkey
1165,1874-03-01,0.9850000000000004,Turkey
1166,1874-04-01,10.495,Turkey
1167,1874-05-01,15.041,Turkey
1168,1874-06-01,18.815,Turkey
1169,1874-07-01,21.781,Turkey
1170,1874-08-01,22.685,Turkey
1171,1874-09-01,18.49,Turkey
1172,1874-10-01,13.199000000000002,Turkey
1173,1874-11-01,9.154,Turkey
1174,1874-12-01,6.754,Turkey
1175,1875-01-01,-0.4650000000000001,Turkey
1176,1875-02-01,1.384,Turkey
1177,1875-03-01,1.998,Turkey
1178,1875-04-01,8.136000000000001,Turkey
1179,1875-05-01,14.204,Turkey
1180,1875-06-01,20.880000000000006,Turkey
1181,1875-07-01,22.371,Turkey
1182,1875-08-01,21.933000000000003,Turkey
1183,1875-09-01,16.304000000000002,Turkey
1184,1875-10-01,13.495999999999999,Turkey
1185,1875-11-01,7.77,Turkey
1186,1875-12-01,0.5950000000000002,Turkey
1187,1876-01-01,-2.2410000000000005,Turkey
1188,1876-02-01,1.436,Turkey
1189,1876-03-01,7.345,Turkey
1190,1876-04-01,11.276000000000002,Turkey
1191,1876-05-01,15.686,Turkey
1192,1876-06-01,19.861,Turkey
1193,1876-07-01,22.363000000000003,Turkey
1194,1876-08-01,22.162000000000006,Turkey
1195,1876-09-01,19.636,Turkey
1196,1876-10-01,12.956,Turkey
1197,1876-11-01,5.481999999999998,Turkey
1198,1876-12-01,4.455,Turkey
1199,1877-01-01,0.88,Turkey
1200,1877-02-01,1.556,Turkey
1201,1877-03-01,7.500999999999999,Turkey
1202,1877-04-01,11.465,Turkey
1203,1877-05-01,15.281,Turkey
1204,1877-06-01,19.110000000000007,Turkey
1205,1877-07-01,22.229,Turkey
1206,1877-08-01,22.666,Turkey
1207,1877-09-01,19.048,Turkey
1208,1877-10-01,13.405,Turkey
1209,1877-11-01,7.144,Turkey
1210,1877-12-01,1.725,Turkey
1211,1878-01-01,-1.0730000000000002,Turkey
1212,1878-02-01,0.09200000000000008,Turkey
1213,1878-03-01,5.1080000000000005,Turkey
1214,1878-04-01,10.273,Turkey
1215,1878-05-01,14.921,Turkey
1216,1878-06-01,20.012999999999998,Turkey
1217,1878-07-01,22.49,Turkey
1218,1878-08-01,22.371,Turkey
1219,1878-09-01,19.911,Turkey
1220,1878-10-01,14.073,Turkey
1221,1878-11-01,10.726,Turkey
1222,1878-12-01,5.542000000000001,Turkey
1223,1879-01-01,1.255,Turkey
1224,1879-02-01,5.426,Turkey
1225,1879-03-01,5.763999999999999,Turkey
1226,1879-04-01,11.914,Turkey
1227,1879-05-01,15.662,Turkey
1228,1879-06-01,20.445999999999998,Turkey
1229,1879-07-01,23.37,Turkey
1230,1879-08-01,22.199,Turkey
1231,1879-09-01,19.061,Turkey
1232,1879-10-01,13.142999999999999,Turkey
1233,1879-11-01,7.391999999999999,Turkey
1234,1879-12-01,1.245,Turkey
1235,1880-01-01,-3.6830000000000007,Turkey
1236,1880-02-01,-1.0919999999999996,Turkey
1237,1880-03-01,1.982,Turkey
1238,1880-04-01,7.947000000000001,Turkey
1239,1880-05-01,13.816,Turkey
1240,1880-06-01,19.559,Turkey
1241,1880-07-01,22.701,Turkey
1242,1880-08-01,22.35,Turkey
1243,1880-09-01,17.616999999999994,Turkey
1244,1880-10-01,14.286,Turkey
1245,1880-11-01,8.459999999999999,Turkey
1246,1880-12-01,1.737,Turkey
1247,1881-01-01,0.728,Turkey
1248,1881-02-01,1.5950000000000002,Turkey
1249,1881-03-01,5.428,Turkey
1250,1881-04-01,9.942,Turkey
1251,1881-05-01,14.16,Turkey
1252,1881-06-01,17.907,Turkey
1253,1881-07-01,21.616,Turkey
1254,1881-08-01,22.764000000000006,Turkey
1255,1881-09-01,19.064,Turkey
1256,1881-10-01,12.874,Turkey
1257,1881-11-01,6.028,Turkey
1258,1881-12-01,1.0539999999999998,Turkey
1259,1882-01-01,-0.861,Turkey
1260,1882-02-01,-1.4339999999999995,Turkey
1261,1882-03-01,5.447,Turkey
1262,1882-04-01,8.823,Turkey
1263,1882-05-01,13.934000000000001,Turkey
1264,1882-06-01,18.023000000000003,Turkey
1265,1882-07-01,23.179000000000002,Turkey
1266,1882-08-01,22.636000000000006,Turkey
1267,1882-09-01,19.016,Turkey
1268,1882-10-01,11.75,Turkey
1269,1882-11-01,8.338,Turkey
1270,1882-12-01,3.333,Turkey
1271,1883-01-01,-1.5719999999999998,Turkey
1272,1883-02-01,-0.010999999999999677,Turkey
1273,1883-03-01,5.01,Turkey
1274,1883-04-01,8.899000000000003,Turkey
1275,1883-05-01,14.994000000000002,Turkey
1276,1883-06-01,19.901000000000003,Turkey
1277,1883-07-01,23.295,Turkey
1278,1883-08-01,22.728,Turkey
1279,1883-09-01,19.41,Turkey
1280,1883-10-01,14.312,Turkey
1281,1883-11-01,7.814999999999999,Turkey
1282,1883-12-01,2.356,Turkey
1283,1884-01-01,-1.001,Turkey
1284,1884-02-01,0.5860000000000001,Turkey
1285,1884-03-01,5.035,Turkey
1286,1884-04-01,10.136,Turkey
1287,1884-05-01,13.999,Turkey
1288,1884-06-01,18.680000000000003,Turkey
1289,1884-07-01,21.491999999999997,Turkey
1290,1884-08-01,21.279000000000003,Turkey
1291,1884-09-01,16.633,Turkey
1292,1884-10-01,13.135000000000002,Turkey
1293,1884-11-01,6.545,Turkey
1294,1884-12-01,3.969,Turkey
1295,1885-01-01,-1.3719999999999999,Turkey
1296,1885-02-01,2.155,Turkey
1297,1885-03-01,5.505,Turkey
1298,1885-04-01,9.889,Turkey
1299,1885-05-01,16.625,Turkey
1300,1885-06-01,19.432,Turkey
1301,1885-07-01,22.689,Turkey
1302,1885-08-01,22.05,Turkey
1303,1885-09-01,18.691,Turkey
1304,1885-10-01,14.47,Turkey
1305,1885-11-01,7.845,Turkey
1306,1885-12-01,2.3169999999999997,Turkey
1307,1886-01-01,1.764,Turkey
1308,1886-02-01,1.993,Turkey
1309,1886-03-01,4.735,Turkey
1310,1886-04-01,8.913,Turkey
1311,1886-05-01,14.611,Turkey
1312,1886-06-01,19.583,Turkey
1313,1886-07-01,21.24,Turkey
1314,1886-08-01,22.101999999999997,Turkey
1315,1886-09-01,18.155,Turkey
1316,1886-10-01,12.732,Turkey
1317,1886-11-01,6.584999999999999,Turkey
1318,1886-12-01,4.254,Turkey
1319,1887-01-01,-0.73,Turkey
1320,1887-02-01,-0.4049999999999998,Turkey
1321,1887-03-01,4.798,Turkey
1322,1887-04-01,9.208,Turkey
1323,1887-05-01,15.719000000000001,Turkey
1324,1887-06-01,19.180000000000003,Turkey
1325,1887-07-01,22.06,Turkey
1326,1887-08-01,22.598000000000006,Turkey
1327,1887-09-01,19.533,Turkey
1328,1887-10-01,14.802999999999999,Turkey
1329,1887-11-01,8.99,Turkey
1330,1887-12-01,4.319,Turkey
1331,1888-01-01,-1.6689999999999998,Turkey
1332,1888-02-01,1.891,Turkey
1333,1888-03-01,6.7139999999999995,Turkey
1334,1888-04-01,10.780999999999999,Turkey
1335,1888-05-01,14.475,Turkey
1336,1888-06-01,18.732000000000006,Turkey
1337,1888-07-01,22.839000000000002,Turkey
1338,1888-08-01,22.389000000000006,Turkey
1339,1888-09-01,18.555,Turkey
1340,1888-10-01,15.033,Turkey
1341,1888-11-01,5.305,Turkey
1342,1888-12-01,0.8660000000000001,Turkey
1343,1889-01-01,-1.7560000000000004,Turkey
1344,1889-02-01,3.687,Turkey
1345,1889-03-01,6.2010000000000005,Turkey
1346,1889-04-01,10.439,Turkey
1347,1889-05-01,14.932,Turkey
1348,1889-06-01,18.988000000000003,Turkey
1349,1889-07-01,23.374000000000002,Turkey
1350,1889-08-01,22.514000000000006,Turkey
1351,1889-09-01,18.571,Turkey
1352,1889-10-01,14.71,Turkey
1353,1889-11-01,6.42,Turkey
1354,1889-12-01,0.8660000000000001,Turkey
1355,1890-01-01,-1.5599999999999998,Turkey
1356,1890-02-01,-0.17799999999999996,Turkey
1357,1890-03-01,6.34,Turkey
1358,1890-04-01,10.799,Turkey
1359,1890-05-01,15.772,Turkey
1360,1890-06-01,19.061,Turkey
1361,1890-07-01,23.019000000000002,Turkey
1362,1890-08-01,23.839,Turkey
1363,1890-09-01,18.003999999999994,Turkey
1364,1890-10-01,12.664,Turkey
1365,1890-11-01,8.503,Turkey
1366,1890-12-01,1.056,Turkey
1367,1891-01-01,-0.23,Turkey
1368,1891-02-01,-1.2989999999999997,Turkey
1369,1891-03-01,6.305,Turkey
1370,1891-04-01,9.579,Turkey
1371,1891-05-01,14.237,Turkey
1372,1891-06-01,19.838,Turkey
1373,1891-07-01,22.753,Turkey
1374,1891-08-01,23.337000000000003,Turkey
1375,1891-09-01,18.435,Turkey
1376,1891-10-01,13.24,Turkey
1377,1891-11-01,7.029,Turkey
1378,1891-12-01,2.188,Turkey
1379,1892-01-01,0.369,Turkey
1380,1892-02-01,1.857,Turkey
1381,1892-03-01,5.92,Turkey
1382,1892-04-01,9.397,Turkey
1383,1892-05-01,14.414000000000001,Turkey
1384,1892-06-01,20.387999999999998,Turkey
1385,1892-07-01,22.374000000000002,Turkey
1386,1892-08-01,22.733,Turkey
1387,1892-09-01,20.424,Turkey
1388,1892-10-01,15.009,Turkey
1389,1892-11-01,6.795,Turkey
1390,1892-12-01,2.801,Turkey
1391,1893-01-01,-1.449,Turkey
1392,1893-02-01,0.31300000000000017,Turkey
1393,1893-03-01,3.9960000000000004,Turkey
1394,1893-04-01,6.944000000000001,Turkey
1395,1893-05-01,13.635,Turkey
1396,1893-06-01,18.687,Turkey
1397,1893-07-01,22.517,Turkey
1398,1893-08-01,22.508000000000006,Turkey
1399,1893-09-01,18.395,Turkey
1400,1893-10-01,13.780999999999999,Turkey
1401,1893-11-01,9.237,Turkey
1402,1893-12-01,2.1950000000000003,Turkey
1403,1894-01-01,-2.49,Turkey
1404,1894-02-01,-0.1469999999999998,Turkey
1405,1894-03-01,4.6160000000000005,Turkey
1406,1894-04-01,8.435,Turkey
1407,1894-05-01,14.658,Turkey
1408,1894-06-01,18.916,Turkey
1409,1894-07-01,22.176,Turkey
1410,1894-08-01,22.590999999999998,Turkey
1411,1894-09-01,17.721999999999994,Turkey
1412,1894-10-01,14.462000000000002,Turkey
1413,1894-11-01,6.505,Turkey
1414,1894-12-01,2.146,Turkey
1415,1895-01-01,2.101,Turkey
1416,1895-02-01,3.287,Turkey
1417,1895-03-01,4.605,Turkey
1418,1895-04-01,9.344,Turkey
1419,1895-05-01,14.113,Turkey
1420,1895-06-01,18.57,Turkey
1421,1895-07-01,22.897,Turkey
1422,1895-08-01,22.538,Turkey
1423,1895-09-01,17.339000000000002,Turkey
1424,1895-10-01,13.47,Turkey
1425,1895-11-01,6.861000000000001,Turkey
1426,1895-12-01,3.08,Turkey
1427,1896-01-01,-1.703,Turkey
1428,1896-02-01,-0.2549999999999999,Turkey
1429,1896-03-01,5.031000000000001,Turkey
1430,1896-04-01,7.565000000000001,Turkey
1431,1896-05-01,13.462,Turkey
1432,1896-06-01,18.359,Turkey
1433,1896-07-01,21.765,Turkey
1434,1896-08-01,23.594,Turkey
1435,1896-09-01,19.446,Turkey
1436,1896-10-01,14.82,Turkey
1437,1896-11-01,7.532999999999999,Turkey
1438,1896-12-01,3.417,Turkey
1439,1897-01-01,0.13699999999999998,Turkey
1440,1897-02-01,0.981,Turkey
1441,1897-03-01,5.28,Turkey
1442,1897-04-01,10.214,Turkey
1443,1897-05-01,14.414000000000001,Turkey
1444,1897-06-01,19.366000000000003,Turkey
1445,1897-07-01,23.075,Turkey
1446,1897-08-01,22.658,Turkey
1447,1897-09-01,20.291,Turkey
1448,1897-10-01,13.535,Turkey
1449,1897-11-01,3.6119999999999988,Turkey
1450,1897-12-01,0.3999999999999999,Turkey
1451,1898-01-01,-2.332,Turkey
1452,1898-02-01,2.431,Turkey
1453,1898-03-01,4.448,Turkey
1454,1898-04-01,10.072,Turkey
1455,1898-05-01,14.309000000000001,Turkey
1456,1898-06-01,18.805000000000003,Turkey
1457,1898-07-01,22.618000000000002,Turkey
1458,1898-08-01,22.116000000000003,Turkey
1459,1898-09-01,18.075,Turkey
1460,1898-10-01,14.517999999999999,Turkey
1461,1898-11-01,8.273,Turkey
1462,1898-12-01,2.484,Turkey
1463,1899-01-01,1.045,Turkey
1464,1899-02-01,2.952,Turkey
1465,1899-03-01,5.865,Turkey
1466,1899-04-01,11.083,Turkey
1467,1899-05-01,16.133,Turkey
1468,1899-06-01,19.097,Turkey
1469,1899-07-01,22.706,Turkey
1470,1899-08-01,22.471999999999998,Turkey
1471,1899-09-01,19.811,Turkey
1472,1899-10-01,13.032,Turkey
1473,1899-11-01,6.5219999999999985,Turkey
1474,1899-12-01,0.8439999999999999,Turkey
1475,1900-01-01,1.5230000000000001,Turkey
1476,1900-02-01,4.011,Turkey
1477,1900-03-01,5.065,Turkey
1478,1900-04-01,10.311000000000002,Turkey
1479,1900-05-01,14.904000000000002,Turkey
1480,1900-06-01,18.768,Turkey
1481,1900-07-01,22.363000000000003,Turkey
1482,1900-08-01,22.372,Turkey
1483,1900-09-01,17.509,Turkey
1484,1900-10-01,14.835999999999999,Turkey
1485,1900-11-01,7.266,Turkey
1486,1900-12-01,4.037,Turkey
1487,1901-01-01,-1.5769999999999995,Turkey
1488,1901-02-01,3.7889999999999997,Turkey
1489,1901-03-01,9.044,Turkey
1490,1901-04-01,12.050999999999998,Turkey
1491,1901-05-01,14.575,Turkey
1492,1901-06-01,20.174000000000003,Turkey
1493,1901-07-01,22.905,Turkey
1494,1901-08-01,23.043000000000006,Turkey
1495,1901-09-01,18.668,Turkey
1496,1901-10-01,13.102,Turkey
1497,1901-11-01,7.516999999999999,Turkey
1498,1901-12-01,5.417999999999999,Turkey
1499,1902-01-01,0.8690000000000001,Turkey
1500,1902-02-01,4.12,Turkey
1501,1902-03-01,5.852,Turkey
1502,1902-04-01,10.412,Turkey
1503,1902-05-01,15.342,Turkey
1504,1902-06-01,19.685,Turkey
1505,1902-07-01,21.449,Turkey
1506,1902-08-01,22.680999999999997,Turkey
1507,1902-09-01,18.199,Turkey
1508,1902-10-01,13.731,Turkey
1509,1902-11-01,5.738,Turkey
1510,1902-12-01,1.422,Turkey
1511,1903-01-01,-0.6319999999999999,Turkey
1512,1903-02-01,1.7030000000000003,Turkey
1513,1903-03-01,4.717,Turkey
1514,1903-04-01,10.825999999999999,Turkey
1515,1903-05-01,15.474,Turkey
1516,1903-06-01,18.704,Turkey
1517,1903-07-01,22.116,Turkey
1518,1903-08-01,22.256999999999998,Turkey
1519,1903-09-01,17.651,Turkey
1520,1903-10-01,13.302,Turkey
1521,1903-11-01,6.83,Turkey
1522,1903-12-01,3.3819999999999997,Turkey
1523,1904-01-01,-1.955,Turkey
1524,1904-02-01,3.629,Turkey
1525,1904-03-01,4.986000000000001,Turkey
1526,1904-04-01,9.015,Turkey
1527,1904-05-01,13.874,Turkey
1528,1904-06-01,18.918000000000006,Turkey
1529,1904-07-01,22.524,Turkey
1530,1904-08-01,22.435,Turkey
1531,1904-09-01,18.272000000000002,Turkey
1532,1904-10-01,14.030999999999999,Turkey
1533,1904-11-01,6.901,Turkey
1534,1904-12-01,1.788,Turkey
1535,1905-01-01,-1.855,Turkey
1536,1905-02-01,-0.6259999999999999,Turkey
1537,1905-03-01,4.549,Turkey
1538,1905-04-01,9.777,Turkey
1539,1905-05-01,14.687000000000001,Turkey
1540,1905-06-01,18.365,Turkey
1541,1905-07-01,22.816999999999997,Turkey
1542,1905-08-01,22.853,Turkey
1543,1905-09-01,19.288,Turkey
1544,1905-10-01,14.671,Turkey
1545,1905-11-01,9.875,Turkey
1546,1905-12-01,1.307,Turkey
1547,1906-01-01,-0.6119999999999999,Turkey
1548,1906-02-01,2.24,Turkey
1549,1906-03-01,6.152,Turkey
1550,1906-04-01,9.705,Turkey
1551,1906-05-01,13.915,Turkey
1552,1906-06-01,18.875999999999998,Turkey
1553,1906-07-01,21.947,Turkey
1554,1906-08-01,21.835,Turkey
1555,1906-09-01,17.637,Turkey
1556,1906-10-01,12.822,Turkey
1557,1906-11-01,7.922999999999999,Turkey
1558,1906-12-01,3.8110000000000004,Turkey
1559,1907-01-01,-0.96,Turkey
1560,1907-02-01,0.4740000000000002,Turkey
1561,1907-03-01,2.476,Turkey
1562,1907-04-01,8.455000000000002,Turkey
1563,1907-05-01,16.014,Turkey
1564,1907-06-01,19.439,Turkey
1565,1907-07-01,22.096,Turkey
1566,1907-08-01,22.154,Turkey
1567,1907-09-01,17.29,Turkey
1568,1907-10-01,13.285,Turkey
1569,1907-11-01,5.537999999999999,Turkey
1570,1907-12-01,2.738,Turkey
1571,1908-01-01,-0.6359999999999999,Turkey
1572,1908-02-01,1.3510000000000002,Turkey
1573,1908-03-01,4.2330000000000005,Turkey
1574,1908-04-01,9.283999999999999,Turkey
1575,1908-05-01,15.645,Turkey
1576,1908-06-01,19.517000000000003,Turkey
1577,1908-07-01,21.6,Turkey
1578,1908-08-01,22.428,Turkey
1579,1908-09-01,18.689,Turkey
1580,1908-10-01,12.325999999999999,Turkey
1581,1908-11-01,5.126,Turkey
1582,1908-12-01,0.4310000000000001,Turkey
1583,1909-01-01,-1.5040000000000002,Turkey
1584,1909-02-01,0.552,Turkey
1585,1909-03-01,6.337000000000001,Turkey
1586,1909-04-01,8.991000000000003,Turkey
1587,1909-05-01,16.631999999999998,Turkey
1588,1909-06-01,18.56,Turkey
1589,1909-07-01,23.2,Turkey
1590,1909-08-01,22.719,Turkey
1591,1909-09-01,20.189,Turkey
1592,1909-10-01,14.202,Turkey
1593,1909-11-01,8.841000000000001,Turkey
1594,1909-12-01,4.197,Turkey
1595,1910-01-01,1.077,Turkey
1596,1910-02-01,3.695,Turkey
1597,1910-03-01,4.112,Turkey
1598,1910-04-01,10.152,Turkey
1599,1910-05-01,14.672,Turkey
1600,1910-06-01,19.19,Turkey
1601,1910-07-01,22.461,Turkey
1602,1910-08-01,22.583,Turkey
1603,1910-09-01,18.356,Turkey
1604,1910-10-01,12.469,Turkey
1605,1910-11-01,7.7719999999999985,Turkey
1606,1910-12-01,1.3669999999999998,Turkey
1607,1911-01-01,-2.8580000000000005,Turkey
1608,1911-02-01,-3.4160000000000004,Turkey
1609,1911-03-01,3.2110000000000003,Turkey
1610,1911-04-01,8.912,Turkey
1611,1911-05-01,14.771999999999998,Turkey
1612,1911-06-01,18.454,Turkey
1613,1911-07-01,21.84,Turkey
1614,1911-08-01,22.326999999999998,Turkey
1615,1911-09-01,18.044,Turkey
1616,1911-10-01,12.877,Turkey
1617,1911-11-01,8.719,Turkey
1618,1911-12-01,3.307,Turkey
1619,1912-01-01,0.384,Turkey
1620,1912-02-01,4.3870000000000005,Turkey
1621,1912-03-01,7.035,Turkey
1622,1912-04-01,9.847999999999999,Turkey
1623,1912-05-01,13.478,Turkey
1624,1912-06-01,19.435,Turkey
1625,1912-07-01,20.771,Turkey
1626,1912-08-01,21.414,Turkey
1627,1912-09-01,19.389,Turkey
1628,1912-10-01,12.804,Turkey
1629,1912-11-01,7.816999999999998,Turkey
1630,1912-12-01,2.511,Turkey
1631,1913-01-01,-1.0890000000000002,Turkey
1632,1913-02-01,-1.2160000000000002,Turkey
1633,1913-03-01,4.942,Turkey
1634,1913-04-01,9.98,Turkey
1635,1913-05-01,13.855,Turkey
1636,1913-06-01,18.305999999999997,Turkey
1637,1913-07-01,21.506,Turkey
1638,1913-08-01,22.369,Turkey
1639,1913-09-01,19.322,Turkey
1640,1913-10-01,12.94,Turkey
1641,1913-11-01,7.667999999999998,Turkey
1642,1913-12-01,2.745,Turkey
1643,1914-01-01,1.2,Turkey
1644,1914-02-01,2.6790000000000003,Turkey
1645,1914-03-01,7.417000000000001,Turkey
1646,1914-04-01,8.968,Turkey
1647,1914-05-01,14.044,Turkey
1648,1914-06-01,17.904000000000003,Turkey
1649,1914-07-01,21.935,Turkey
1650,1914-08-01,21.745,Turkey
1651,1914-09-01,17.516,Turkey
1652,1914-10-01,11.879,Turkey
1653,1914-11-01,6.167999999999998,Turkey
1654,1914-12-01,2.8480000000000003,Turkey
1655,1915-01-01,4.052,Turkey
1656,1915-02-01,3.0120000000000005,Turkey
1657,1915-03-01,6.367000000000001,Turkey
1658,1915-04-01,9.826,Turkey
1659,1915-05-01,13.514000000000001,Turkey
1660,1915-06-01,18.859,Turkey
1661,1915-07-01,22.193,Turkey
1662,1915-08-01,21.755000000000006,Turkey
1663,1915-09-01,17.858999999999995,Turkey
1664,1915-10-01,13.562,Turkey
1665,1915-11-01,8.089,Turkey
1666,1915-12-01,4.831,Turkey
1667,1916-01-01,1.03,Turkey
1668,1916-02-01,2.511,Turkey
1669,1916-03-01,7.479,Turkey
1670,1916-04-01,10.302999999999999,Turkey
1671,1916-05-01,15.856,Turkey
1672,1916-06-01,20.729000000000006,Turkey
1673,1916-07-01,23.226,Turkey
1674,1916-08-01,21.964,Turkey
1675,1916-09-01,17.747999999999994,Turkey
1676,1916-10-01,13.282,Turkey
1677,1916-11-01,9.617,Turkey
1678,1916-12-01,4.956,Turkey
1679,1917-01-01,2.44,Turkey
1680,1917-02-01,1.6840000000000002,Turkey
1681,1917-03-01,7.172999999999999,Turkey
1682,1917-04-01,11.967,Turkey
1683,1917-05-01,13.192,Turkey
1684,1917-06-01,18.609,Turkey
1685,1917-07-01,22.504,Turkey
1686,1917-08-01,22.598000000000006,Turkey
1687,1917-09-01,18.526,Turkey
1688,1917-10-01,13.924,Turkey
1689,1917-11-01,10.311,Turkey
1690,1917-12-01,1.849,Turkey
1691,1918-01-01,0.985,Turkey
1692,1918-02-01,1.632,Turkey
1693,1918-03-01,5.113,Turkey
1694,1918-04-01,9.362000000000002,Turkey
1695,1918-05-01,14.25,Turkey
1696,1918-06-01,18.165000000000006,Turkey
1697,1918-07-01,21.835,Turkey
1698,1918-08-01,21.741,Turkey
1699,1918-09-01,20.123,Turkey
1700,1918-10-01,16.256,Turkey
1701,1918-11-01,8.699,Turkey
1702,1918-12-01,3.8310000000000004,Turkey
1703,1919-01-01,2.984,Turkey
1704,1919-02-01,3.147,Turkey
1705,1919-03-01,6.747999999999999,Turkey
1706,1919-04-01,11.284,Turkey
1707,1919-05-01,12.209000000000001,Turkey
1708,1919-06-01,17.345000000000002,Turkey
1709,1919-07-01,21.465999999999998,Turkey
1710,1919-08-01,21.124,Turkey
1711,1919-09-01,19.003,Turkey
1712,1919-10-01,15.556,Turkey
1713,1919-11-01,9.585,Turkey
1714,1919-12-01,3.435,Turkey
1715,1920-01-01,1.2919999999999998,Turkey
1716,1920-02-01,-2.0689999999999995,Turkey
1717,1920-03-01,5.651,Turkey
1718,1920-04-01,10.675999999999998,Turkey
1719,1920-05-01,14.445,Turkey
1720,1920-06-01,19.406,Turkey
1721,1920-07-01,22.194000000000003,Turkey
1722,1920-08-01,23.138,Turkey
1723,1920-09-01,17.918,Turkey
1724,1920-10-01,11.197,Turkey
1725,1920-11-01,3.3279999999999994,Turkey
1726,1920-12-01,0.3420000000000001,Turkey
1727,1921-01-01,0.875,Turkey
1728,1921-02-01,-0.71,Turkey
1729,1921-03-01,3.75,Turkey
1730,1921-04-01,9.41,Turkey
1731,1921-05-01,15.41,Turkey
1732,1921-06-01,18.094,Turkey
1733,1921-07-01,22.713,Turkey
1734,1921-08-01,23.09,Turkey
1735,1921-09-01,17.079,Turkey
1736,1921-10-01,11.782,Turkey
1737,1921-11-01,7.422000000000001,Turkey
1738,1921-12-01,1.841,Turkey
1739,1922-01-01,1.016,Turkey
1740,1922-02-01,2.059,Turkey
1741,1922-03-01,7.252000000000001,Turkey
1742,1922-04-01,10.684,Turkey
1743,1922-05-01,15.342,Turkey
1744,1922-06-01,19.489,Turkey
1745,1922-07-01,23.076,Turkey
1746,1922-08-01,22.738000000000003,Turkey
1747,1922-09-01,18.798,Turkey
1748,1922-10-01,14.369000000000002,Turkey
1749,1922-11-01,7.971999999999999,Turkey
1750,1922-12-01,2.1830000000000003,Turkey
1751,1923-01-01,0.925,Turkey
1752,1923-02-01,2.596,Turkey
1753,1923-03-01,5.723,Turkey
1754,1923-04-01,8.817,Turkey
1755,1923-05-01,16.067,Turkey
1756,1923-06-01,20.165000000000006,Turkey
1757,1923-07-01,22.236,Turkey
1758,1923-08-01,21.206000000000003,Turkey
1759,1923-09-01,19.731,Turkey
1760,1923-10-01,14.032,Turkey
1761,1923-11-01,10.27,Turkey
1762,1923-12-01,5.369,Turkey
1763,1924-01-01,1.077,Turkey
1764,1924-02-01,1.769,Turkey
1765,1924-03-01,5.961,Turkey
1766,1924-04-01,10.183000000000002,Turkey
1767,1924-05-01,15.595,Turkey
1768,1924-06-01,20.57,Turkey
1769,1924-07-01,22.538,Turkey
1770,1924-08-01,22.609,Turkey
1771,1924-09-01,20.281,Turkey
1772,1924-10-01,13.222999999999999,Turkey
1773,1924-11-01,7.2799999999999985,Turkey
1774,1924-12-01,0.9259999999999996,Turkey
1775,1925-01-01,-2.245,Turkey
1776,1925-02-01,2.6220000000000003,Turkey
1777,1925-03-01,7.915,Turkey
1778,1925-04-01,9.353000000000002,Turkey
1779,1925-05-01,15.173,Turkey
1780,1925-06-01,17.663,Turkey
1781,1925-07-01,21.721999999999998,Turkey
1782,1925-08-01,22.671000000000006,Turkey
1783,1925-09-01,19.613,Turkey
1784,1925-10-01,13.502,Turkey
1785,1925-11-01,9.762,Turkey
1786,1925-12-01,4.479,Turkey
1787,1926-01-01,1.6509999999999998,Turkey
1788,1926-02-01,2.693,Turkey
1789,1926-03-01,5.347,Turkey
1790,1926-04-01,10.824000000000002,Turkey
1791,1926-05-01,15.639000000000001,Turkey
1792,1926-06-01,19.926,Turkey
1793,1926-07-01,21.956,Turkey
1794,1926-08-01,21.539,Turkey
1795,1926-09-01,17.2,Turkey
1796,1926-10-01,13.894,Turkey
1797,1926-11-01,9.763,Turkey
1798,1926-12-01,4.163,Turkey
1799,1927-01-01,1.5179999999999998,Turkey
1800,1927-02-01,-1.3649999999999998,Turkey
1801,1927-03-01,6.78,Turkey
1802,1927-04-01,9.907,Turkey
1803,1927-05-01,15.812000000000001,Turkey
1804,1927-06-01,20.72,Turkey
1805,1927-07-01,22.694000000000003,Turkey
1806,1927-08-01,23.272,Turkey
1807,1927-09-01,20.504,Turkey
1808,1927-10-01,15.624,Turkey
1809,1927-11-01,9.27,Turkey
1810,1927-12-01,1.711,Turkey
1811,1928-01-01,0.0129999999999999,Turkey
1812,1928-02-01,-0.5179999999999998,Turkey
1813,1928-03-01,2.213,Turkey
1814,1928-04-01,12.190999999999999,Turkey
1815,1928-05-01,15.627,Turkey
1816,1928-06-01,19.131,Turkey
1817,1928-07-01,23.068,Turkey
1818,1928-08-01,22.148000000000003,Turkey
1819,1928-09-01,19.442,Turkey
1820,1928-10-01,12.280999999999999,Turkey
1821,1928-11-01,9.73,Turkey
1822,1928-12-01,3.0980000000000003,Turkey
1823,1929-01-01,-0.7369999999999999,Turkey
1824,1929-02-01,-1.415,Turkey
1825,1929-03-01,1.914,Turkey
1826,1929-04-01,9.576,Turkey
1827,1929-05-01,17.133,Turkey
1828,1929-06-01,19.187,Turkey
1829,1929-07-01,22.073,Turkey
1830,1929-08-01,24.734,Turkey
1831,1929-09-01,17.933999999999994,Turkey
1832,1929-10-01,13.967,Turkey
1833,1929-11-01,9.908,Turkey
1834,1929-12-01,3.608,Turkey
1835,1930-01-01,1.921,Turkey
1836,1930-02-01,2.5170000000000003,Turkey
1837,1930-03-01,7.307,Turkey
1838,1930-04-01,11.167000000000002,Turkey
1839,1930-05-01,15.015999999999998,Turkey
1840,1930-06-01,18.406,Turkey
1841,1930-07-01,22.888,Turkey
1842,1930-08-01,23.488000000000003,Turkey
1843,1930-09-01,19.186,Turkey
1844,1930-10-01,13.790999999999999,Turkey
1845,1930-11-01,8.789,Turkey
1846,1930-12-01,4.558,Turkey
1847,1931-01-01,1.996,Turkey
1848,1931-02-01,3.2140000000000004,Turkey
1849,1931-03-01,6.369,Turkey
1850,1931-04-01,9.015,Turkey
1851,1931-05-01,14.838,Turkey
1852,1931-06-01,19.127,Turkey
1853,1931-07-01,23.136,Turkey
1854,1931-08-01,23.259,Turkey
1855,1931-09-01,19.778,Turkey
1856,1931-10-01,13.559,Turkey
1857,1931-11-01,5.688,Turkey
1858,1931-12-01,0.7149999999999999,Turkey
1859,1932-01-01,-1.2140000000000002,Turkey
1860,1932-02-01,-0.060999999999999936,Turkey
1861,1932-03-01,5.34,Turkey
1862,1932-04-01,10.208,Turkey
1863,1932-05-01,14.675,Turkey
1864,1932-06-01,19.871,Turkey
1865,1932-07-01,22.048000000000002,Turkey
1866,1932-08-01,22.554,Turkey
1867,1932-09-01,19.093,Turkey
1868,1932-10-01,17.112000000000002,Turkey
1869,1932-11-01,7.691,Turkey
1870,1932-12-01,1.596,Turkey
1871,1933-01-01,-1.002,Turkey
1872,1933-02-01,2.095,Turkey
1873,1933-03-01,3.793,Turkey
1874,1933-04-01,7.427000000000001,Turkey
1875,1933-05-01,14.212,Turkey
1876,1933-06-01,17.692999999999998,Turkey
1877,1933-07-01,21.244,Turkey
1878,1933-08-01,22.299000000000003,Turkey
1879,1933-09-01,17.476999999999997,Turkey
1880,1933-10-01,13.252,Turkey
1881,1933-11-01,10.442,Turkey
1882,1933-12-01,1.1309999999999998,Turkey
1883,1934-01-01,-0.4490000000000001,Turkey
1884,1934-02-01,-0.4350000000000001,Turkey
1885,1934-03-01,7.246,Turkey
1886,1934-04-01,11.012,Turkey
1887,1934-05-01,15.308,Turkey
1888,1934-06-01,19.064,Turkey
1889,1934-07-01,22.371,Turkey
1890,1934-08-01,22.329,Turkey
1891,1934-09-01,18.559,Turkey
1892,1934-10-01,13.925,Turkey
1893,1934-11-01,9.161,Turkey
1894,1934-12-01,3.222,Turkey
1895,1935-01-01,0.014000000000000012,Turkey
1896,1935-02-01,2.5980000000000003,Turkey
1897,1935-03-01,4.852,Turkey
1898,1935-04-01,10.113,Turkey
1899,1935-05-01,16.579,Turkey
1900,1935-06-01,20.24,Turkey
1901,1935-07-01,22.180999999999997,Turkey
1902,1935-08-01,23.413,Turkey
1903,1935-09-01,20.218,Turkey
1904,1935-10-01,14.64,Turkey
1905,1935-11-01,6.715999999999998,Turkey
1906,1935-12-01,5.505,Turkey
1907,1936-01-01,3.279,Turkey
1908,1936-02-01,3.595,Turkey
1909,1936-03-01,6.943,Turkey
1910,1936-04-01,11.481000000000002,Turkey
1911,1936-05-01,14.008,Turkey
1912,1936-06-01,18.186,Turkey
1913,1936-07-01,22.975,Turkey
1914,1936-08-01,23.408,Turkey
1915,1936-09-01,17.154999999999998,Turkey
1916,1936-10-01,14.198,Turkey
1917,1936-11-01,8.535,Turkey
1918,1936-12-01,0.774,Turkey
1919,1937-01-01,-2.3680000000000003,Turkey
1920,1937-02-01,3.4739999999999998,Turkey
1921,1937-03-01,9.025,Turkey
1922,1937-04-01,11.357,Turkey
1923,1937-05-01,15.094000000000001,Turkey
1924,1937-06-01,18.445,Turkey
1925,1937-07-01,23.930999999999997,Turkey
1926,1937-08-01,23.258000000000006,Turkey
1927,1937-09-01,21.54,Turkey
1928,1937-10-01,14.33,Turkey
1929,1937-11-01,9.815,Turkey
1930,1937-12-01,4.869,Turkey
1931,1938-01-01,0.451,Turkey
1932,1938-02-01,1.0650000000000002,Turkey
1933,1938-03-01,3.2880000000000003,Turkey
1934,1938-04-01,10.096,Turkey
1935,1938-05-01,14.773,Turkey
1936,1938-06-01,19.439,Turkey
1937,1938-07-01,23.878,Turkey
1938,1938-08-01,24.073,Turkey
1939,1938-09-01,18.941,Turkey
1940,1938-10-01,13.888,Turkey
1941,1938-11-01,7.582000000000001,Turkey
1942,1938-12-01,4.745,Turkey
1943,1939-01-01,2.895,Turkey
1944,1939-02-01,1.7790000000000004,Turkey
1945,1939-03-01,4.763999999999999,Turkey
1946,1939-04-01,10.602,Turkey
1947,1939-05-01,16.585,Turkey
1948,1939-06-01,18.980999999999998,Turkey
1949,1939-07-01,22.721999999999998,Turkey
1950,1939-08-01,22.221999999999998,Turkey
1951,1939-09-01,18.851,Turkey
1952,1939-10-01,15.474,Turkey
1953,1939-11-01,7.345,Turkey
1954,1939-12-01,4.2860000000000005,Turkey
1955,1940-01-01,-0.2,Turkey
1956,1940-02-01,3.4210000000000003,Turkey
1957,1940-03-01,4.321000000000001,Turkey
1958,1940-04-01,11.090000000000002,Turkey
1959,1940-05-01,13.741,Turkey
1960,1940-06-01,19.168000000000006,Turkey
1961,1940-07-01,23.044,Turkey
1962,1940-08-01,22.767000000000003,Turkey
1963,1940-09-01,18.656,Turkey
1964,1940-10-01,14.315999999999999,Turkey
1965,1940-11-01,9.398,Turkey
1966,1940-12-01,4.373,Turkey
1967,1941-01-01,2.104,Turkey
1968,1941-02-01,5.034,Turkey
1969,1941-03-01,5.5920000000000005,Turkey
1970,1941-04-01,11.617,Turkey
1971,1941-05-01,16.773,Turkey
1972,1941-06-01,20.259,Turkey
1973,1941-07-01,22.863000000000003,Turkey
1974,1941-08-01,22.229000000000006,Turkey
1975,1941-09-01,17.965999999999994,Turkey
1976,1941-10-01,11.333,Turkey
1977,1941-11-01,6.300999999999998,Turkey
1978,1941-12-01,-1.3010000000000006,Turkey
1979,1942-01-01,-2.035,Turkey
1980,1942-02-01,2.801,Turkey
1981,1942-03-01,4.447,Turkey
1982,1942-04-01,9.543,Turkey
1983,1942-05-01,16.003,Turkey
1984,1942-06-01,20.879,Turkey
1985,1942-07-01,22.383000000000003,Turkey
1986,1942-08-01,22.728,Turkey
1987,1942-09-01,18.587,Turkey
1988,1942-10-01,13.385000000000002,Turkey
1989,1942-11-01,8.046,Turkey
1990,1942-12-01,1.882,Turkey
1991,1943-01-01,0.466,Turkey
1992,1943-02-01,-0.29499999999999993,Turkey
1993,1943-03-01,2.0210000000000004,Turkey
1994,1943-04-01,8.613999999999999,Turkey
1995,1943-05-01,14.505999999999998,Turkey
1996,1943-06-01,18.184,Turkey
1997,1943-07-01,21.586,Turkey
1998,1943-08-01,23.151999999999997,Turkey
1999,1943-09-01,19.29,Turkey
2000,1943-10-01,15.775,Turkey
2001,1943-11-01,10.599,Turkey
2002,1943-12-01,4.022,Turkey
2003,1944-01-01,-0.06299999999999993,Turkey
2004,1944-02-01,3.213,Turkey
2005,1944-03-01,6.59,Turkey
2006,1944-04-01,10.445,Turkey
2007,1944-05-01,13.876,Turkey
2008,1944-06-01,19.653,Turkey
2009,1944-07-01,22.256999999999998,Turkey
2010,1944-08-01,21.523000000000003,Turkey
2011,1944-09-01,18.967,Turkey
2012,1944-10-01,14.902999999999999,Turkey
2013,1944-11-01,8.682,Turkey
2014,1944-12-01,3.536,Turkey
2015,1945-01-01,1.122,Turkey
2016,1945-02-01,-0.3089999999999997,Turkey
2017,1945-03-01,2.665,Turkey
2018,1945-04-01,8.572000000000001,Turkey
2019,1945-05-01,16.48,Turkey
2020,1945-06-01,18.637,Turkey
2021,1945-07-01,22.498,Turkey
2022,1945-08-01,23.256,Turkey
2023,1945-09-01,19.528,Turkey
2024,1945-10-01,12.533,Turkey
2025,1945-11-01,8.035,Turkey
2026,1945-12-01,2.378,Turkey
2027,1946-01-01,0.665,Turkey
2028,1946-02-01,2.262,Turkey
2029,1946-03-01,5.17,Turkey
2030,1946-04-01,10.247000000000002,Turkey
2031,1946-05-01,14.983,Turkey
2032,1946-06-01,19.469,Turkey
2033,1946-07-01,22.133000000000003,Turkey
2034,1946-08-01,23.073,Turkey
2035,1946-09-01,20.51,Turkey
2036,1946-10-01,11.64,Turkey
2037,1946-11-01,10.31,Turkey
2038,1946-12-01,3.9539999999999997,Turkey
2039,1947-01-01,0.29499999999999993,Turkey
2040,1947-02-01,3.2889999999999997,Turkey
2041,1947-03-01,9.395,Turkey
2042,1947-04-01,11.849,Turkey
2043,1947-05-01,15.992,Turkey
2044,1947-06-01,20.33,Turkey
2045,1947-07-01,23.326,Turkey
2046,1947-08-01,22.268,Turkey
2047,1947-09-01,18.248,Turkey
2048,1947-10-01,12.485,Turkey
2049,1947-11-01,9.253,Turkey
2050,1947-12-01,5.428999999999999,Turkey
2051,1948-01-01,4.5360000000000005,Turkey
2052,1948-02-01,2.496,Turkey
2053,1948-03-01,2.185,Turkey
2054,1948-04-01,9.032,Turkey
2055,1948-05-01,14.983,Turkey
2056,1948-06-01,19.381,Turkey
2057,1948-07-01,22.858,Turkey
2058,1948-08-01,23.334000000000003,Turkey
2059,1948-09-01,18.465,Turkey
2060,1948-10-01,13.004,Turkey
2061,1948-11-01,6.039999999999999,Turkey
2062,1948-12-01,-0.71,Turkey
2063,1949-01-01,-1.3790000000000002,Turkey
2064,1949-02-01,-1.642,Turkey
2065,1949-03-01,3.279,Turkey
2066,1949-04-01,7.301000000000001,Turkey
2067,1949-05-01,16.277,Turkey
2068,1949-06-01,19.811,Turkey
2069,1949-07-01,22.063000000000002,Turkey
2070,1949-08-01,21.684,Turkey
2071,1949-09-01,16.871,Turkey
2072,1949-10-01,13.192,Turkey
2073,1949-11-01,10.153,Turkey
2074,1949-12-01,3.9219999999999997,Turkey
2075,1950-01-01,-3.947,Turkey
2076,1950-02-01,-0.7149999999999999,Turkey
2077,1950-03-01,5.129,Turkey
2078,1950-04-01,13.318,Turkey
2079,1950-05-01,15.226,Turkey
2080,1950-06-01,18.683,Turkey
2081,1950-07-01,22.254,Turkey
2082,1950-08-01,21.808000000000003,Turkey
2083,1950-09-01,20.486,Turkey
2084,1950-10-01,12.198,Turkey
2085,1950-11-01,8.481,Turkey
2086,1950-12-01,4.678999999999999,Turkey
2087,1951-01-01,1.911,Turkey
2088,1951-02-01,3.0189999999999997,Turkey
2089,1951-03-01,8.126,Turkey
2090,1951-04-01,11.725999999999999,Turkey
2091,1951-05-01,15.661,Turkey
2092,1951-06-01,19.309,Turkey
2093,1951-07-01,22.708000000000002,Turkey
2094,1951-08-01,23.445999999999998,Turkey
2095,1951-09-01,19.26,Turkey
2096,1951-10-01,10.456,Turkey
2097,1951-11-01,8.309999999999999,Turkey
2098,1951-12-01,0.823,Turkey
2099,1952-01-01,1.173,Turkey
2100,1952-02-01,3.1919999999999997,Turkey
2101,1952-03-01,4.796,Turkey
2102,1952-04-01,10.761,Turkey
2103,1952-05-01,14.306,Turkey
2104,1952-06-01,18.227999999999998,Turkey
2105,1952-07-01,22.570999999999998,Turkey
2106,1952-08-01,23.784,Turkey
2107,1952-09-01,21.347,Turkey
2108,1952-10-01,15.472,Turkey
2109,1952-11-01,8.7,Turkey
2110,1952-12-01,5.999,Turkey
2111,1953-01-01,2.963,Turkey
2112,1953-02-01,3.018,Turkey
2113,1953-03-01,1.6639999999999997,Turkey
2114,1953-04-01,10.201,Turkey
2115,1953-05-01,14.626,Turkey
2116,1953-06-01,19.442,Turkey
2117,1953-07-01,22.955,Turkey
2118,1953-08-01,23.109,Turkey
2119,1953-09-01,18.369,Turkey
2120,1953-10-01,13.592,Turkey
2121,1953-11-01,4.811,Turkey
2122,1953-12-01,-1.6939999999999995,Turkey
2123,1954-01-01,-1.725,Turkey
2124,1954-02-01,-0.028999999999999918,Turkey
2125,1954-03-01,5.803999999999999,Turkey
2126,1954-04-01,8.491000000000001,Turkey
2127,1954-05-01,15.264000000000001,Turkey
2128,1954-06-01,20.709000000000003,Turkey
2129,1954-07-01,24.061,Turkey
2130,1954-08-01,24.113000000000003,Turkey
2131,1954-09-01,19.619,Turkey
2132,1954-10-01,14.446000000000002,Turkey
2133,1954-11-01,9.076,Turkey
2134,1954-12-01,4.606999999999998,Turkey
2135,1955-01-01,3.609,Turkey
2136,1955-02-01,6.617999999999999,Turkey
2137,1955-03-01,6.77,Turkey
2138,1955-04-01,9.802,Turkey
2139,1955-05-01,15.706,Turkey
2140,1955-06-01,20.706999999999997,Turkey
2141,1955-07-01,22.936999999999998,Turkey
2142,1955-08-01,22.037000000000006,Turkey
2143,1955-09-01,19.341,Turkey
2144,1955-10-01,15.835,Turkey
2145,1955-11-01,8.357999999999999,Turkey
2146,1955-12-01,3.9,Turkey
2147,1956-01-01,2.066,Turkey
2148,1956-02-01,2.101,Turkey
2149,1956-03-01,2.652,Turkey
2150,1956-04-01,10.624,Turkey
2151,1956-05-01,13.786,Turkey
2152,1956-06-01,19.457,Turkey
2153,1956-07-01,22.541,Turkey
2154,1956-08-01,23.669,Turkey
2155,1956-09-01,17.445999999999998,Turkey
2156,1956-10-01,12.165,Turkey
2157,1956-11-01,6.565,Turkey
2158,1956-12-01,0.5550000000000002,Turkey
2159,1957-01-01,-1.517,Turkey
2160,1957-02-01,2.9250000000000003,Turkey
2161,1957-03-01,5.874,Turkey
2162,1957-04-01,10.981000000000002,Turkey
2163,1957-05-01,14.148,Turkey
2164,1957-06-01,19.834000000000003,Turkey
2165,1957-07-01,23.037,Turkey
2166,1957-08-01,24.0,Turkey
2167,1957-09-01,20.646,Turkey
2168,1957-10-01,14.605,Turkey
2169,1957-11-01,8.024,Turkey
2170,1957-12-01,3.3289999999999997,Turkey
2171,1958-01-01,2.333,Turkey
2172,1958-02-01,4.205,Turkey
2173,1958-03-01,6.676,Turkey
2174,1958-04-01,10.625,Turkey
2175,1958-05-01,16.387999999999998,Turkey
2176,1958-06-01,19.221,Turkey
2177,1958-07-01,22.08,Turkey
2178,1958-08-01,23.051,Turkey
2179,1958-09-01,17.956999999999994,Turkey
2180,1958-10-01,12.975999999999999,Turkey
2181,1958-11-01,7.919,Turkey
2182,1958-12-01,3.787,Turkey
2183,1959-01-01,2.672,Turkey
2184,1959-02-01,-2.37,Turkey
2185,1959-03-01,4.345,Turkey
2186,1959-04-01,11.196000000000002,Turkey
2187,1959-05-01,14.989,Turkey
2188,1959-06-01,18.846,Turkey
2189,1959-07-01,22.766,Turkey
2190,1959-08-01,22.153,Turkey
2191,1959-09-01,16.427999999999994,Turkey
2192,1959-10-01,11.046,Turkey
2193,1959-11-01,7.502999999999999,Turkey
2194,1959-12-01,4.638,Turkey
2195,1960-01-01,2.84,Turkey
2196,1960-02-01,2.7119999999999997,Turkey
2197,1960-03-01,5.297999999999999,Turkey
2198,1960-04-01,9.94,Turkey
2199,1960-05-01,16.313,Turkey
2200,1960-06-01,19.063,Turkey
2201,1960-07-01,22.53,Turkey
2202,1960-08-01,21.864,Turkey
2203,1960-09-01,19.013,Turkey
2204,1960-10-01,15.395,Turkey
2205,1960-11-01,9.98,Turkey
2206,1960-12-01,6.023,Turkey
2207,1961-01-01,1.026,Turkey
2208,1961-02-01,1.693,Turkey
2209,1961-03-01,4.5889999999999995,Turkey
2210,1961-04-01,11.79,Turkey
2211,1961-05-01,16.285999999999998,Turkey
2212,1961-06-01,20.105999999999998,Turkey
2213,1961-07-01,22.763,Turkey
2214,1961-08-01,23.175,Turkey
2215,1961-09-01,16.826,Turkey
2216,1961-10-01,13.344,Turkey
2217,1961-11-01,8.818,Turkey
2218,1961-12-01,4.59,Turkey
2219,1962-01-01,1.867,Turkey
2220,1962-02-01,2.3409999999999997,Turkey
2221,1962-03-01,8.299,Turkey
2222,1962-04-01,10.237,Turkey
2223,1962-05-01,16.314,Turkey
2224,1962-06-01,20.128,Turkey
2225,1962-07-01,23.695999999999998,Turkey
2226,1962-08-01,24.085,Turkey
2227,1962-09-01,19.547,Turkey
2228,1962-10-01,14.299,Turkey
2229,1962-11-01,11.450999999999999,Turkey
2230,1962-12-01,5.154,Turkey
2231,1963-01-01,3.322,Turkey
2232,1963-02-01,5.033,Turkey
2233,1963-03-01,4.004,Turkey
2234,1963-04-01,9.877,Turkey
2235,1963-05-01,14.035,Turkey
2236,1963-06-01,19.222,Turkey
2237,1963-07-01,22.767,Turkey
2238,1963-08-01,23.229000000000006,Turkey
2239,1963-09-01,19.452,Turkey
2240,1963-10-01,14.277999999999999,Turkey
2241,1963-11-01,8.932,Turkey
2242,1963-12-01,3.261,Turkey
2243,1964-01-01,-3.3680000000000003,Turkey
2244,1964-02-01,0.9620000000000001,Turkey
2245,1964-03-01,6.228,Turkey
2246,1964-04-01,9.628,Turkey
2247,1964-05-01,14.092,Turkey
2248,1964-06-01,19.796000000000006,Turkey
2249,1964-07-01,22.436,Turkey
2250,1964-08-01,21.5,Turkey
2251,1964-09-01,18.119,Turkey
2252,1964-10-01,14.094,Turkey
2253,1964-11-01,8.058,Turkey
2254,1964-12-01,3.695,Turkey
2255,1965-01-01,1.214,Turkey
2256,1965-02-01,0.7950000000000002,Turkey
2257,1965-03-01,6.322,Turkey
2258,1965-04-01,9.202000000000002,Turkey
2259,1965-05-01,14.741,Turkey
2260,1965-06-01,20.186,Turkey
2261,1965-07-01,22.587,Turkey
2262,1965-08-01,22.673,Turkey
2263,1965-09-01,19.36,Turkey
2264,1965-10-01,10.636,Turkey
2265,1965-11-01,7.843,Turkey
2266,1965-12-01,4.498,Turkey
2267,1966-01-01,4.155,Turkey
2268,1966-02-01,6.0950000000000015,Turkey
2269,1966-03-01,6.814,Turkey
2270,1966-04-01,11.735999999999999,Turkey
2271,1966-05-01,14.793,Turkey
2272,1966-06-01,19.593,Turkey
2273,1966-07-01,23.515,Turkey
2274,1966-08-01,23.903,Turkey
2275,1966-09-01,18.564,Turkey
2276,1966-10-01,15.539,Turkey
2277,1966-11-01,11.69,Turkey
2278,1966-12-01,4.5600000000000005,Turkey
2279,1967-01-01,0.31099999999999994,Turkey
2280,1967-02-01,-1.5579999999999998,Turkey
2281,1967-03-01,3.9360000000000004,Turkey
2282,1967-04-01,9.329,Turkey
2283,1967-05-01,15.039000000000001,Turkey
2284,1967-06-01,18.032,Turkey
2285,1967-07-01,21.728,Turkey
2286,1967-08-01,22.581000000000003,Turkey
2287,1967-09-01,18.315,Turkey
2288,1967-10-01,13.640999999999998,Turkey
2289,1967-11-01,7.132000000000001,Turkey
2290,1967-12-01,3.81,Turkey
2291,1968-01-01,-0.6659999999999999,Turkey
2292,1968-02-01,1.5780000000000003,Turkey
2293,1968-03-01,4.88,Turkey
2294,1968-04-01,12.28,Turkey
2295,1968-05-01,17.21,Turkey
2296,1968-06-01,18.756,Turkey
2297,1968-07-01,22.756,Turkey
2298,1968-08-01,21.236,Turkey
2299,1968-09-01,18.646,Turkey
2300,1968-10-01,13.367,Turkey
2301,1968-11-01,9.134,Turkey
2302,1968-12-01,3.985,Turkey
2303,1969-01-01,0.629,Turkey
2304,1969-02-01,2.044,Turkey
2305,1969-03-01,6.2860000000000005,Turkey
2306,1969-04-01,8.274000000000001,Turkey
2307,1969-05-01,16.22,Turkey
2308,1969-06-01,20.609,Turkey
2309,1969-07-01,21.131999999999998,Turkey
2310,1969-08-01,23.011999999999997,Turkey
2311,1969-09-01,19.249000000000002,Turkey
2312,1969-10-01,12.934,Turkey
2313,1969-11-01,8.200999999999999,Turkey
2314,1969-12-01,5.037,Turkey
2315,1970-01-01,3.4739999999999998,Turkey
2316,1970-02-01,4.832,Turkey
2317,1970-03-01,7.72,Turkey
2318,1970-04-01,12.902999999999999,Turkey
2319,1970-05-01,14.969000000000001,Turkey
2320,1970-06-01,19.703000000000007,Turkey
2321,1970-07-01,23.278000000000002,Turkey
2322,1970-08-01,22.268,Turkey
2323,1970-09-01,18.395,Turkey
2324,1970-10-01,12.027999999999999,Turkey
2325,1970-11-01,9.261000000000001,Turkey
2326,1970-12-01,1.824,Turkey
2327,1971-01-01,3.836,Turkey
2328,1971-02-01,2.26,Turkey
2329,1971-03-01,6.773,Turkey
2330,1971-04-01,9.568,Turkey
2331,1971-05-01,16.014,Turkey
2332,1971-06-01,19.14,Turkey
2333,1971-07-01,22.695999999999998,Turkey
2334,1971-08-01,22.303,Turkey
2335,1971-09-01,19.738,Turkey
2336,1971-10-01,11.710999999999999,Turkey
2337,1971-11-01,8.042,Turkey
2338,1971-12-01,1.2619999999999998,Turkey
2339,1972-01-01,-3.2739999999999996,Turkey
2340,1972-02-01,-1.2199999999999998,Turkey
2341,1972-03-01,5.115,Turkey
2342,1972-04-01,12.392,Turkey
2343,1972-05-01,14.722000000000001,Turkey
2344,1972-06-01,19.412000000000006,Turkey
2345,1972-07-01,22.993000000000002,Turkey
2346,1972-08-01,22.66,Turkey
2347,1972-09-01,19.281,Turkey
2348,1972-10-01,14.095999999999998,Turkey
2349,1972-11-01,7.0779999999999985,Turkey
2350,1972-12-01,1.165,Turkey
2351,1973-01-01,-0.8480000000000001,Turkey
2352,1973-02-01,4.315,Turkey
2353,1973-03-01,4.688,Turkey
2354,1973-04-01,9.876,Turkey
2355,1973-05-01,15.645,Turkey
2356,1973-06-01,18.506,Turkey
2357,1973-07-01,22.673000000000002,Turkey
2358,1973-08-01,22.339,Turkey
2359,1973-09-01,19.515,Turkey
2360,1973-10-01,14.387,Turkey
2361,1973-11-01,5.033999999999999,Turkey
2362,1973-12-01,2.103,Turkey
2363,1974-01-01,-2.3310000000000004,Turkey
2364,1974-02-01,1.7150000000000003,Turkey
2365,1974-03-01,6.906000000000001,Turkey
2366,1974-04-01,8.738999999999999,Turkey
2367,1974-05-01,15.413,Turkey
2368,1974-06-01,20.249,Turkey
2369,1974-07-01,22.338,Turkey
2370,1974-08-01,21.765,Turkey
2371,1974-09-01,17.793999999999997,Turkey
2372,1974-10-01,16.546,Turkey
2373,1974-11-01,8.147,Turkey
2374,1974-12-01,2.177,Turkey
2375,1975-01-01,-0.003000000000000003,Turkey
2376,1975-02-01,0.8030000000000004,Turkey
2377,1975-03-01,6.617000000000001,Turkey
2378,1975-04-01,12.514,Turkey
2379,1975-05-01,15.028,Turkey
2380,1975-06-01,20.019,Turkey
2381,1975-07-01,23.465,Turkey
2382,1975-08-01,22.546999999999997,Turkey
2383,1975-09-01,19.027,Turkey
2384,1975-10-01,12.857999999999999,Turkey
2385,1975-11-01,7.13,Turkey
2386,1975-12-01,0.4219999999999997,Turkey
2387,1976-01-01,-0.3390000000000002,Turkey
2388,1976-02-01,-1.7469999999999994,Turkey
2389,1976-03-01,4.192,Turkey
2390,1976-04-01,10.027,Turkey
2391,1976-05-01,14.66,Turkey
2392,1976-06-01,18.692999999999998,Turkey
2393,1976-07-01,21.426,Turkey
2394,1976-08-01,21.346,Turkey
2395,1976-09-01,17.692,Turkey
2396,1976-10-01,13.859000000000002,Turkey
2397,1976-11-01,9.204,Turkey
2398,1976-12-01,3.694,Turkey
2399,1977-01-01,-0.49,Turkey
2400,1977-02-01,5.894,Turkey
2401,1977-03-01,5.8420000000000005,Turkey
2402,1977-04-01,10.623,Turkey
2403,1977-05-01,15.463,Turkey
2404,1977-06-01,19.477,Turkey
2405,1977-07-01,22.658,Turkey
2406,1977-08-01,23.148000000000003,Turkey
2407,1977-09-01,18.979,Turkey
2408,1977-10-01,10.895999999999999,Turkey
2409,1977-11-01,9.546,Turkey
2410,1977-12-01,1.3869999999999998,Turkey
2411,1978-01-01,1.585,Turkey
2412,1978-02-01,5.0630000000000015,Turkey
2413,1978-03-01,7.0630000000000015,Turkey
2414,1978-04-01,9.947,Turkey
2415,1978-05-01,15.624,Turkey
2416,1978-06-01,18.99,Turkey
2417,1978-07-01,23.244,Turkey
2418,1978-08-01,21.495,Turkey
2419,1978-09-01,18.484,Turkey
2420,1978-10-01,14.334,Turkey
2421,1978-11-01,5.712000000000001,Turkey
2422,1978-12-01,4.1419999999999995,Turkey
2423,1979-01-01,2.989,Turkey
2424,1979-02-01,5.081,Turkey
2425,1979-03-01,7.859,Turkey
2426,1979-04-01,10.845,Turkey
2427,1979-05-01,15.855,Turkey
2428,1979-06-01,19.824,Turkey
2429,1979-07-01,21.929000000000002,Turkey
2430,1979-08-01,23.537000000000006,Turkey
2431,1979-09-01,20.013,Turkey
2432,1979-10-01,13.657,Turkey
2433,1979-11-01,9.334,Turkey
2434,1979-12-01,3.53,Turkey
2435,1980-01-01,-0.3140000000000001,Turkey
2436,1980-02-01,1.5340000000000005,Turkey
2437,1980-03-01,5.162999999999999,Turkey
2438,1980-04-01,9.666,Turkey
2439,1980-05-01,15.09,Turkey
2440,1980-06-01,20.043000000000006,Turkey
2441,1980-07-01,24.233,Turkey
2442,1980-08-01,22.774,Turkey
2443,1980-09-01,17.878,Turkey
2444,1980-10-01,14.008,Turkey
2445,1980-11-01,9.107000000000001,Turkey
2446,1980-12-01,4.637,Turkey
2447,1981-01-01,2.7489999999999997,Turkey
2448,1981-02-01,3.435,Turkey
2449,1981-03-01,7.529,Turkey
2450,1981-04-01,9.851,Turkey
2451,1981-05-01,13.185,Turkey
2452,1981-06-01,20.031,Turkey
2453,1981-07-01,23.093000000000004,Turkey
2454,1981-08-01,22.628,Turkey
2455,1981-09-01,19.777,Turkey
2456,1981-10-01,15.649,Turkey
2457,1981-11-01,6.483,Turkey
2458,1981-12-01,6.496,Turkey
2459,1982-01-01,2.343,Turkey
2460,1982-02-01,0.5630000000000002,Turkey
2461,1982-03-01,4.475,Turkey
2462,1982-04-01,10.934,Turkey
2463,1982-05-01,15.057,Turkey
2464,1982-06-01,19.211,Turkey
2465,1982-07-01,21.028000000000002,Turkey
2466,1982-08-01,21.864,Turkey
2467,1982-09-01,19.672,Turkey
2468,1982-10-01,13.368,Turkey
2469,1982-11-01,6.1869999999999985,Turkey
2470,1982-12-01,3.281,Turkey
2471,1983-01-01,-0.951,Turkey
2472,1983-02-01,1.4469999999999998,Turkey
2473,1983-03-01,5.6610000000000005,Turkey
2474,1983-04-01,11.195,Turkey
2475,1983-05-01,15.802,Turkey
2476,1983-06-01,18.669,Turkey
2477,1983-07-01,22.449,Turkey
2478,1983-08-01,21.419,Turkey
2479,1983-09-01,18.711,Turkey
2480,1983-10-01,12.425,Turkey
2481,1983-11-01,8.456,Turkey
2482,1983-12-01,4.406000000000001,Turkey
2483,1984-01-01,3.6839999999999997,Turkey
2484,1984-02-01,3.964,Turkey
2485,1984-03-01,6.675,Turkey
2486,1984-04-01,9.311,Turkey
2487,1984-05-01,15.4,Turkey
2488,1984-06-01,19.442,Turkey
2489,1984-07-01,22.383000000000003,Turkey
2490,1984-08-01,20.44,Turkey
2491,1984-09-01,20.091,Turkey
2492,1984-10-01,14.081,Turkey
2493,1984-11-01,8.104,Turkey
2494,1984-12-01,1.121,Turkey
2495,1985-01-01,3.4450000000000003,Turkey
2496,1985-02-01,-0.113,Turkey
2497,1985-03-01,3.952,Turkey
2498,1985-04-01,11.642999999999999,Turkey
2499,1985-05-01,17.037,Turkey
2500,1985-06-01,19.894,Turkey
2501,1985-07-01,21.438000000000002,Turkey
2502,1985-08-01,23.976999999999997,Turkey
2503,1985-09-01,18.854,Turkey
2504,1985-10-01,11.515999999999998,Turkey
2505,1985-11-01,9.965,Turkey
2506,1985-12-01,3.427,Turkey
2507,1986-01-01,2.86,Turkey
2508,1986-02-01,3.698,Turkey
2509,1986-03-01,6.356,Turkey
2510,1986-04-01,12.45,Turkey
2511,1986-05-01,13.242,Turkey
2512,1986-06-01,19.348000000000006,Turkey
2513,1986-07-01,23.500999999999998,Turkey
2514,1986-08-01,24.372,Turkey
2515,1986-09-01,20.56,Turkey
2516,1986-10-01,13.196000000000002,Turkey
2517,1986-11-01,5.492999999999999,Turkey
2518,1986-12-01,2.055,Turkey
2519,1987-01-01,2.296,Turkey
2520,1987-02-01,4.252,Turkey
2521,1987-03-01,1.733,Turkey
2522,1987-04-01,8.826,Turkey
2523,1987-05-01,15.261,Turkey
2524,1987-06-01,19.639000000000006,Turkey
2525,1987-07-01,23.4,Turkey
2526,1987-08-01,22.084000000000003,Turkey
2527,1987-09-01,19.328,Turkey
2528,1987-10-01,12.228000000000002,Turkey
2529,1987-11-01,7.266999999999999,Turkey
2530,1987-12-01,3.052,Turkey
2531,1988-01-01,1.242,Turkey
2532,1988-02-01,2.3600000000000003,Turkey
2533,1988-03-01,4.956,Turkey
2534,1988-04-01,10.340000000000002,Turkey
2535,1988-05-01,15.349,Turkey
2536,1988-06-01,19.332,Turkey
2537,1988-07-01,23.401,Turkey
2538,1988-08-01,22.929,Turkey
2539,1988-09-01,18.806,Turkey
2540,1988-10-01,12.763,Turkey
2541,1988-11-01,4.531000000000001,Turkey
2542,1988-12-01,3.454,Turkey
2543,1989-01-01,-1.8860000000000003,Turkey
2544,1989-02-01,1.117,Turkey
2545,1989-03-01,8.036999999999999,Turkey
2546,1989-04-01,14.703,Turkey
2547,1989-05-01,15.94,Turkey
2548,1989-06-01,19.708,Turkey
2549,1989-07-01,23.428,Turkey
2550,1989-08-01,23.755000000000006,Turkey
2551,1989-09-01,19.014,Turkey
2552,1989-10-01,12.642999999999999,Turkey
2553,1989-11-01,7.580999999999999,Turkey
2554,1989-12-01,2.066,Turkey
2555,1990-01-01,-1.4430000000000005,Turkey
2556,1990-02-01,1.798,Turkey
2557,1990-03-01,6.568,Turkey
2558,1990-04-01,10.440999999999999,Turkey
2559,1990-05-01,14.687000000000001,Turkey
2560,1990-06-01,19.435,Turkey
2561,1990-07-01,23.656,Turkey
2562,1990-08-01,22.243,Turkey
2563,1990-09-01,18.68,Turkey
2564,1990-10-01,13.934,Turkey
2565,1990-11-01,9.87,Turkey
2566,1990-12-01,4.521,Turkey
2567,1991-01-01,0.5249999999999999,Turkey
2568,1991-02-01,0.4310000000000001,Turkey
2569,1991-03-01,6.376,Turkey
2570,1991-04-01,10.856000000000002,Turkey
2571,1991-05-01,14.101,Turkey
2572,1991-06-01,20.057,Turkey
2573,1991-07-01,23.323,Turkey
2574,1991-08-01,23.323,Turkey
2575,1991-09-01,18.917,Turkey
2576,1991-10-01,14.290999999999999,Turkey
2577,1991-11-01,7.931999999999999,Turkey
2578,1991-12-01,0.8809999999999998,Turkey
2579,1992-01-01,-2.245,Turkey
2580,1992-02-01,-2.2430000000000003,Turkey
2581,1992-03-01,3.6310000000000002,Turkey
2582,1992-04-01,10.133,Turkey
2583,1992-05-01,13.951,Turkey
2584,1992-06-01,18.971,Turkey
2585,1992-07-01,21.213,Turkey
2586,1992-08-01,23.125999999999998,Turkey
2587,1992-09-01,17.930999999999994,Turkey
2588,1992-10-01,14.98,Turkey
2589,1992-11-01,6.533,Turkey
2590,1992-12-01,0.21899999999999986,Turkey
2591,1993-01-01,-1.3350000000000002,Turkey
2592,1993-02-01,-0.35399999999999965,Turkey
2593,1993-03-01,4.875,Turkey
2594,1993-04-01,9.964,Turkey
2595,1993-05-01,14.089,Turkey
2596,1993-06-01,19.31,Turkey
2597,1993-07-01,22.545,Turkey
2598,1993-08-01,23.114,Turkey
2599,1993-09-01,19.191,Turkey
2600,1993-10-01,14.658,Turkey
2601,1993-11-01,5.031000000000001,Turkey
2602,1993-12-01,4.2410000000000005,Turkey
2603,1994-01-01,3.427,Turkey
2604,1994-02-01,2.151,Turkey
2605,1994-03-01,6.48,Turkey
2606,1994-04-01,13.09,Turkey
2607,1994-05-01,16.207,Turkey
2608,1994-06-01,19.867,Turkey
2609,1994-07-01,23.326999999999998,Turkey
2610,1994-08-01,23.328000000000007,Turkey
2611,1994-09-01,21.884,Turkey
2612,1994-10-01,15.722999999999999,Turkey
2613,1994-11-01,6.792999999999998,Turkey
2614,1994-12-01,0.6609999999999999,Turkey
2615,1995-01-01,2.399,Turkey
2616,1995-02-01,3.992,Turkey
2617,1995-03-01,6.811,Turkey
2618,1995-04-01,9.805,Turkey
2619,1995-05-01,16.213,Turkey
2620,1995-06-01,20.93,Turkey
2621,1995-07-01,22.482,Turkey
2622,1995-08-01,23.366000000000003,Turkey
2623,1995-09-01,19.461,Turkey
2624,1995-10-01,12.405999999999999,Turkey
2625,1995-11-01,5.621,Turkey
2626,1995-12-01,2.78,Turkey
2627,1996-01-01,1.306,Turkey
2628,1996-02-01,3.362,Turkey
2629,1996-03-01,4.572,Turkey
2630,1996-04-01,8.875,Turkey
2631,1996-05-01,17.23,Turkey
2632,1996-06-01,19.801,Turkey
2633,1996-07-01,24.195999999999998,Turkey
2634,1996-08-01,23.500999999999998,Turkey
2635,1996-09-01,18.505,Turkey
2636,1996-10-01,12.534,Turkey
2637,1996-11-01,8.705,Turkey
2638,1996-12-01,6.284,Turkey
2639,1997-01-01,2.414,Turkey
2640,1997-02-01,0.6540000000000001,Turkey
2641,1997-03-01,3.574,Turkey
2642,1997-04-01,8.085,Turkey
2643,1997-05-01,16.46,Turkey
2644,1997-06-01,20.078000000000007,Turkey
2645,1997-07-01,22.892,Turkey
2646,1997-08-01,22.046000000000006,Turkey
2647,1997-09-01,17.116999999999994,Turkey
2648,1997-10-01,13.572,Turkey
2649,1997-11-01,8.136000000000001,Turkey
2650,1997-12-01,3.7880000000000003,Turkey
2651,1998-01-01,1.037,Turkey
2652,1998-02-01,2.0370000000000004,Turkey
2653,1998-03-01,4.636,Turkey
2654,1998-04-01,12.384,Turkey
2655,1998-05-01,15.652000000000001,Turkey
2656,1998-06-01,20.969,Turkey
2657,1998-07-01,24.224,Turkey
2658,1998-08-01,24.761999999999997,Turkey
2659,1998-09-01,19.59,Turkey
2660,1998-10-01,14.84,Turkey
2661,1998-11-01,10.015,Turkey
2662,1998-12-01,4.452,Turkey
2663,1999-01-01,3.29,Turkey
2664,1999-02-01,3.768,Turkey
2665,1999-03-01,6.619,Turkey
2666,1999-04-01,11.322,Turkey
2667,1999-05-01,16.387,Turkey
2668,1999-06-01,20.551,Turkey
2669,1999-07-01,24.098000000000003,Turkey
2670,1999-08-01,24.191999999999997,Turkey
2671,1999-09-01,19.425,Turkey
2672,1999-10-01,14.454,Turkey
2673,1999-11-01,7.870999999999999,Turkey
2674,1999-12-01,5.07,Turkey
2675,2000-01-01,-0.982,Turkey
2676,2000-02-01,0.8780000000000003,Turkey
2677,2000-03-01,4.369,Turkey
2678,2000-04-01,12.464,Turkey
2679,2000-05-01,15.469000000000001,Turkey
2680,2000-06-01,20.265,Turkey
2681,2000-07-01,25.363000000000003,Turkey
2682,2000-08-01,23.511999999999997,Turkey
2683,2000-09-01,19.59,Turkey
2684,2000-10-01,12.958,Turkey
2685,2000-11-01,8.879,Turkey
2686,2000-12-01,3.658,Turkey
2687,2001-01-01,2.927,Turkey
2688,2001-02-01,3.951,Turkey
2689,2001-03-01,10.318,Turkey
2690,2001-04-01,11.87,Turkey
2691,2001-05-01,14.879000000000001,Turkey
2692,2001-06-01,20.965000000000003,Turkey
2693,2001-07-01,24.929,Turkey
2694,2001-08-01,24.647,Turkey
2695,2001-09-01,20.566,Turkey
2696,2001-10-01,13.914,Turkey
2697,2001-11-01,7.3020000000000005,Turkey
2698,2001-12-01,3.1310000000000002,Turkey
2699,2002-01-01,-1.2740000000000002,Turkey
2700,2002-02-01,4.577,Turkey
2701,2002-03-01,7.9270000000000005,Turkey
2702,2002-04-01,9.812,Turkey
2703,2002-05-01,15.402000000000001,Turkey
2704,2002-06-01,20.581999999999997,Turkey
2705,2002-07-01,24.379,Turkey
2706,2002-08-01,23.118,Turkey
2707,2002-09-01,19.609,Turkey
2708,2002-10-01,14.597,Turkey
2709,2002-11-01,9.022,Turkey
2710,2002-12-01,0.3169999999999997,Turkey
2711,2003-01-01,3.93,Turkey
2712,2003-02-01,0.4390000000000003,Turkey
2713,2003-03-01,3.259,Turkey
2714,2003-04-01,9.56,Turkey
2715,2003-05-01,17.237000000000002,Turkey
2716,2003-06-01,20.691000000000006,Turkey
2717,2003-07-01,23.671999999999997,Turkey
2718,2003-08-01,24.247,Turkey
2719,2003-09-01,18.892,Turkey
2720,2003-10-01,15.009,Turkey
2721,2003-11-01,7.922000000000001,Turkey
2722,2003-12-01,3.1180000000000003,Turkey
2723,2004-01-01,1.358,Turkey
2724,2004-02-01,2.4090000000000003,Turkey
2725,2004-03-01,7.1339999999999995,Turkey
2726,2004-04-01,10.515999999999998,Turkey
2727,2004-05-01,14.994000000000002,Turkey
2728,2004-06-01,20.089,Turkey
2729,2004-07-01,23.221999999999998,Turkey
2730,2004-08-01,23.42,Turkey
2731,2004-09-01,19.691,Turkey
2732,2004-10-01,15.114,Turkey
2733,2004-11-01,7.877000000000001,Turkey
2734,2004-12-01,1.898,Turkey
2735,2005-01-01,2.059,Turkey
2736,2005-02-01,2.0420000000000003,Turkey
2737,2005-03-01,6.022,Turkey
2738,2005-04-01,11.304,Turkey
2739,2005-05-01,15.82,Turkey
2740,2005-06-01,19.573,Turkey
2741,2005-07-01,24.458000000000002,Turkey
2742,2005-08-01,24.579,Turkey
2743,2005-09-01,19.501,Turkey
2744,2005-10-01,12.474,Turkey
2745,2005-11-01,7.167000000000001,Turkey
2746,2005-12-01,4.196000000000001,Turkey
2747,2006-01-01,-0.4310000000000001,Turkey
2748,2006-02-01,2.1500000000000004,Turkey
2749,2006-03-01,7.242000000000001,Turkey
2750,2006-04-01,11.725,Turkey
2751,2006-05-01,16.076,Turkey
2752,2006-06-01,21.675,Turkey
2753,2006-07-01,23.163,Turkey
2754,2006-08-01,25.819000000000006,Turkey
2755,2006-09-01,19.487000000000002,Turkey
2756,2006-10-01,14.419,Turkey
2757,2006-11-01,6.571999999999999,Turkey
2758,2006-12-01,1.504,Turkey
2759,2007-01-01,1.05,Turkey
2760,2007-02-01,2.467,Turkey
2761,2007-03-01,6.613,Turkey
2762,2007-04-01,8.762,Turkey
2763,2007-05-01,17.991,Turkey
2764,2007-06-01,21.788,Turkey
2765,2007-07-01,24.715999999999998,Turkey
2766,2007-08-01,24.892000000000003,Turkey
2767,2007-09-01,20.458,Turkey
2768,2007-10-01,15.142,Turkey
2769,2007-11-01,7.614,Turkey
2770,2007-12-01,2.291,Turkey
2771,2008-01-01,-2.345,Turkey
2772,2008-02-01,0.08199999999999985,Turkey
2773,2008-03-01,9.55,Turkey
2774,2008-04-01,13.237,Turkey
2775,2008-05-01,15.205,Turkey
2776,2008-06-01,21.057,Turkey
2777,2008-07-01,24.219,Turkey
2778,2008-08-01,25.156999999999996,Turkey
2779,2008-09-01,19.97,Turkey
2780,2008-10-01,14.026000000000002,Turkey
2781,2008-11-01,9.287,Turkey
2782,2008-12-01,2.449,Turkey
2783,2009-01-01,1.6429999999999998,Turkey
2784,2009-02-01,4.146,Turkey
2785,2009-03-01,5.822,Turkey
2786,2009-04-01,10.152999999999999,Turkey
2787,2009-05-01,15.654000000000002,Turkey
2788,2009-06-01,21.267000000000003,Turkey
2789,2009-07-01,23.660999999999998,Turkey
2790,2009-08-01,22.770000000000003,Turkey
2791,2009-09-01,18.525,Turkey
2792,2009-10-01,15.918,Turkey
2793,2009-11-01,8.264999999999999,Turkey
2794,2009-12-01,5.954,Turkey
2795,2010-01-01,3.709,Turkey
2796,2010-02-01,5.695,Turkey
2797,2010-03-01,8.171,Turkey
2798,2010-04-01,11.335,Turkey
2799,2010-05-01,16.805,Turkey
2800,2010-06-01,21.360000000000007,Turkey
2801,2010-07-01,25.026,Turkey
2802,2010-08-01,26.273000000000003,Turkey
2803,2010-09-01,21.747,Turkey
2804,2010-10-01,13.882,Turkey
2805,2010-11-01,11.087,Turkey
2806,2010-12-01,6.29,Turkey
2807,2011-01-01,1.97,Turkey
2808,2011-02-01,2.464,Turkey
2809,2011-03-01,6.138999999999999,Turkey
2810,2011-04-01,9.686,Turkey
2811,2011-05-01,14.712,Turkey
2812,2011-06-01,20.004,Turkey
2813,2011-07-01,24.613000000000003,Turkey
2814,2011-08-01,23.664,Turkey
2815,2011-09-01,20.208,Turkey
2816,2011-10-01,12.464,Turkey
2817,2011-11-01,4.19,Turkey
2818,2011-12-01,2.86,Turkey
2819,2012-01-01,0.14,Turkey
2820,2012-02-01,-0.7629999999999999,Turkey
2821,2012-03-01,3.779,Turkey
2822,2012-04-01,12.901,Turkey
2823,2012-05-01,16.322,Turkey
2824,2012-06-01,21.947000000000006,Turkey
2825,2012-07-01,24.936,Turkey
2826,2012-08-01,24.211,Turkey
2827,2012-09-01,21.021,Turkey
2828,2012-10-01,15.988,Turkey
2829,2012-11-01,10.001,Turkey
2830,2012-12-01,3.77,Turkey
